feature_ID,assay,tissue,sex,comparison_group,logFC,adj_p_value,p_value,tscore,selection_fdr,site_label,human_equiv,known_kinase,sex_label,is_key_site,sig_dot
XP_006248777.1_S145s,PHOSPHO,CORTEX,male,1w,-0.0711175840063892,1,0.408201909301933,-0.84568630731217,0.833739730653774,S145 (rat),S161,unknown,Male,FALSE,
XP_006248777.1_S145s,PHOSPHO,CORTEX,male,2w,-0.108494030597364,1,0.21240837459061301,-1.29014388471148,0.833739730653774,S145 (rat),S161,unknown,Male,FALSE,
XP_006248777.1_S145s,PHOSPHO,CORTEX,male,4w,-0.0543351948527158,1,0.525892186046115,-0.646120519054082,0.833739730653774,S145 (rat),S161,unknown,Male,FALSE,
XP_006248777.1_S145s,PHOSPHO,CORTEX,male,8w,-0.0151269468141178,1,0.859141967539718,-0.179880292207193,0.833739730653774,S145 (rat),S161,unknown,Male,FALSE,
XP_006248777.1_S145s,PHOSPHO,CORTEX,female,1w,-0.131761531442557,1,0.146807331829255,-1.51101139054194,0.833739730653774,S145 (rat),S161,unknown,Female,FALSE,
XP_006248777.1_S145s,PHOSPHO,CORTEX,female,2w,2.44086695916579e-4,1,0.997795032124265,0.00279913092821396,0.833739730653774,S145 (rat),S161,unknown,Female,FALSE,
XP_006248777.1_S145s,PHOSPHO,CORTEX,female,4w,0.0155995098201562,1,0.859866725368984,0.178891644374998,0.833739730653774,S145 (rat),S161,unknown,Female,FALSE,
XP_006248777.1_S145s,PHOSPHO,CORTEX,female,8w,0.029051878836545,1,0.74256552531504,0.333160364471034,0.833739730653774,S145 (rat),S161,unknown,Female,FALSE,
XP_006248777.1_S553s,PHOSPHO,CORTEX,male,1w,0.0119527628595762,1,0.924108363210225,0.0979356757353696,0.660016313855565,S553 (rat),S570,unknown,Male,FALSE,
XP_006248777.1_S553s,PHOSPHO,CORTEX,male,2w,-0.025843694621082,1,0.836971046976843,-0.211751854023141,0.660016313855565,S553 (rat),S570,unknown,Male,FALSE,
XP_006248777.1_S553s,PHOSPHO,CORTEX,male,4w,-0.124878186956989,1,0.33266547496656,-1.023196876565,0.660016313855565,S553 (rat),S570,unknown,Male,FALSE,
XP_006248777.1_S553s,PHOSPHO,CORTEX,male,8w,-0.301843788423501,1,0.0351331666732416,-2.47317509207471,0.660016313855565,S553 (rat),S570,unknown,Male,FALSE,
XP_006248777.1_S553s,PHOSPHO,CORTEX,female,1w,-0.0884206516190097,1,0.508886590843952,-0.686317169332835,0.660016313855565,S553 (rat),S570,unknown,Female,FALSE,
XP_006248777.1_S553s,PHOSPHO,CORTEX,female,2w,-0.0845307253393025,1,0.52728698347393,-0.656123734379365,0.660016313855565,S553 (rat),S570,unknown,Female,FALSE,
XP_006248777.1_S553s,PHOSPHO,CORTEX,female,4w,0.0914175197170133,1,0.494981051452384,0.709578726358542,0.660016313855565,S553 (rat),S570,unknown,Female,FALSE,
XP_006248777.1_S553s,PHOSPHO,CORTEX,female,8w,-0.0206587338857572,1,0.875955677142515,-0.160352174552681,0.660016313855565,S553 (rat),S570,unknown,Female,FALSE,
XP_006248777.1_S557s,PHOSPHO,CORTEX,male,1w,0.308304234920988,1,0.10044545813539,1.82820073988287,0.708856179010008,S557 (rat),S574,unknown,Male,FALSE,
XP_006248777.1_S557s,PHOSPHO,CORTEX,male,2w,-0.0464200523957163,1,0.789266223424576,-0.275264380189261,0.708856179010008,S557 (rat),S574,unknown,Male,FALSE,
XP_006248777.1_S557s,PHOSPHO,CORTEX,male,4w,0.0524708568863076,1,0.762705865447243,0.311144799572474,0.708856179010008,S557 (rat),S574,unknown,Male,FALSE,
XP_006248777.1_S557s,PHOSPHO,CORTEX,male,8w,0.109204258283456,1,0.533273154784947,0.647565888426213,0.708856179010008,S557 (rat),S574,unknown,Male,FALSE,
XP_006248777.1_S557s,PHOSPHO,CORTEX,female,1w,-0.127459832030249,1,0.295797012428082,-1.10624508525192,0.708856179010008,S557 (rat),S574,unknown,Female,FALSE,
XP_006248777.1_S557s,PHOSPHO,CORTEX,female,2w,-0.244039596323412,1,0.0615938551619365,-2.1180602527043,0.708856179010008,S557 (rat),S574,unknown,Female,FALSE,
XP_006248777.1_S557s,PHOSPHO,CORTEX,female,4w,-0.0573141068567694,1,0.630169599613566,-0.497438667664786,0.708856179010008,S557 (rat),S574,unknown,Female,FALSE,
XP_006248777.1_S557s,PHOSPHO,CORTEX,female,8w,-0.0914086164153231,1,0.446900123177677,-0.793350587776791,0.708856179010008,S557 (rat),S574,unknown,Female,FALSE,
XP_006248777.1_S563s,PHOSPHO,CORTEX,male,1w,-0.014841704076393,1,0.761051484467299,-0.307571574958922,1,S563 (rat),S580,unknown,Male,FALSE,
XP_006248777.1_S563s,PHOSPHO,CORTEX,male,2w,-0.0704584126719768,1,0.15716916678899,-1.46014263881565,1,S563 (rat),S580,unknown,Male,FALSE,
XP_006248777.1_S563s,PHOSPHO,CORTEX,male,4w,-0.0167694620315539,1,0.73121736116693,-0.347521404665574,1,S563 (rat),S580,unknown,Male,FALSE,
XP_006248777.1_S563s,PHOSPHO,CORTEX,male,8w,0.0129420094272493,1,0.790825871698646,0.268203314267919,1,S563 (rat),S580,unknown,Male,FALSE,
XP_006248777.1_S563s,PHOSPHO,CORTEX,female,1w,-0.0900495623810243,1,0.258391064502529,-1.15707484061845,1,S563 (rat),S580,unknown,Female,FALSE,
XP_006248777.1_S563s,PHOSPHO,CORTEX,female,2w,-0.102116349063947,1,0.20163079732228,-1.31212473657288,1,S563 (rat),S580,unknown,Female,FALSE,
XP_006248777.1_S563s,PHOSPHO,CORTEX,female,4w,-0.0975010983392883,1,0.222088323595058,-1.25282194425,1,S563 (rat),S580,unknown,Female,FALSE,
XP_006248777.1_S563s,PHOSPHO,CORTEX,female,8w,-0.0384692071715766,1,0.625492302671489,-0.494302810361575,1,S563 (rat),S580,unknown,Female,FALSE,
XP_006248777.1_S567s,PHOSPHO,CORTEX,male,1w,0.218007037124794,1,0.0705694149593051,1.87707286107261,0.00735205757314887,S567 (rat),S584,unknown,Male,FALSE,
XP_006248777.1_S567s,PHOSPHO,CORTEX,male,2w,0.520392106930363,1,1.06465971804436e-4,4.48065307394742,0.00735205757314887,S567 (rat),S584,unknown,Male,FALSE,
XP_006248777.1_S567s,PHOSPHO,CORTEX,male,4w,0.582913338276215,0.996629600196162,2.38687323859505e-5,5.01897013080903,0.00735205757314887,S567 (rat),S584,unknown,Male,FALSE,
XP_006248777.1_S567s,PHOSPHO,CORTEX,male,8w,0.114900488358281,1,0.330668684235321,0.98931021340315,0.00735205757314887,S567 (rat),S584,unknown,Male,FALSE,
XP_006248777.1_S567s,PHOSPHO,CORTEX,female,1w,0.297893744849369,1,0.0165990568949031,2.53992860652305,0.00735205757314887,S567 (rat),S584,unknown,Female,FALSE,
XP_006248777.1_S567s,PHOSPHO,CORTEX,female,2w,0.0476805595087209,1,0.687279764937517,0.406538301542593,0.00735205757314887,S567 (rat),S584,unknown,Female,FALSE,
XP_006248777.1_S567s,PHOSPHO,CORTEX,female,4w,-0.0185709723344128,1,0.875266033249505,-0.158341504978476,0.00735205757314887,S567 (rat),S584,unknown,Female,FALSE,
XP_006248777.1_S567s,PHOSPHO,CORTEX,female,8w,-0.103331578582522,1,0.385416601797299,-0.881035056750327,0.00735205757314887,S567 (rat),S584,unknown,Female,FALSE,
XP_006248777.1_S641s,PHOSPHO,CORTEX,male,1w,0.314128557016781,1,0.0370480053797684,2.18550783346392,0.349099818027197,S641 (rat),S637,PKA,Male,TRUE,
XP_006248777.1_S641s,PHOSPHO,CORTEX,male,2w,0.478246164435426,1,0.00238563022717282,3.32733435197317,0.349099818027197,S641 (rat),S637,PKA,Male,TRUE,
XP_006248777.1_S641s,PHOSPHO,CORTEX,male,4w,0.478875011359842,1,0.00235874140523594,3.33170947116772,0.349099818027197,S641 (rat),S637,PKA,Male,TRUE,
XP_006248777.1_S641s,PHOSPHO,CORTEX,male,8w,0.190187544446121,1,0.196073258673935,1.32320465277552,0.349099818027197,S641 (rat),S637,PKA,Male,TRUE,
XP_006248777.1_S641s,PHOSPHO,CORTEX,female,1w,0.177252825323312,1,0.39269177735125,0.86745234763744306,0.349099818027197,S641 (rat),S637,PKA,Female,TRUE,
XP_006248777.1_S641s,PHOSPHO,CORTEX,female,2w,-0.134149331707065,1,0.516582273846873,-0.656509437923091,0.349099818027197,S641 (rat),S637,PKA,Female,TRUE,
XP_006248777.1_S641s,PHOSPHO,CORTEX,female,4w,0.0975250879722062,1,0.636681227990343,0.477275137142269,0.349099818027197,S641 (rat),S637,PKA,Female,TRUE,
XP_006248777.1_S641s,PHOSPHO,CORTEX,female,8w,-0.0573927984753034,1,0.780767281501803,-0.280872915193735,0.349099818027197,S641 (rat),S637,PKA,Female,TRUE,
XP_006248784.1_S132s,PHOSPHO,CORTEX,male,1w,-0.0711175840063892,1,0.408201909301933,-0.84568630731217,0.833739730653774,NA,NA,NA,Male,FALSE,
XP_006248784.1_S132s,PHOSPHO,CORTEX,male,2w,-0.108494030597364,1,0.21240837459061301,-1.29014388471148,0.833739730653774,NA,NA,NA,Male,FALSE,
XP_006248784.1_S132s,PHOSPHO,CORTEX,male,4w,-0.0543351948527158,1,0.525892186046115,-0.646120519054082,0.833739730653774,NA,NA,NA,Male,FALSE,
XP_006248784.1_S132s,PHOSPHO,CORTEX,male,8w,-0.0151269468141178,1,0.859141967539718,-0.179880292207193,0.833739730653774,NA,NA,NA,Male,FALSE,
XP_006248784.1_S132s,PHOSPHO,CORTEX,female,1w,-0.131761531442557,1,0.146807331829255,-1.51101139054194,0.833739730653774,NA,NA,NA,Female,FALSE,
XP_006248784.1_S132s,PHOSPHO,CORTEX,female,2w,2.44086695916579e-4,1,0.997795032124265,0.00279913092821396,0.833739730653774,NA,NA,NA,Female,FALSE,
XP_006248784.1_S132s,PHOSPHO,CORTEX,female,4w,0.0155995098201562,1,0.859866725368984,0.178891644374998,0.833739730653774,NA,NA,NA,Female,FALSE,
XP_006248784.1_S132s,PHOSPHO,CORTEX,female,8w,0.029051878836545,1,0.74256552531504,0.333160364471034,0.833739730653774,NA,NA,NA,Female,FALSE,
XP_006248784.1_S602s,PHOSPHO,CORTEX,male,1w,0.314128557016781,1,0.0370480053797684,2.18550783346392,0.30582300024865,S602 iso2 (rat),~S616,CDK1-like,Male,FALSE,
XP_006248784.1_S602s,PHOSPHO,CORTEX,male,2w,0.478246164435426,1,0.00238563022717282,3.32733435197317,0.30582300024865,S602 iso2 (rat),~S616,CDK1-like,Male,FALSE,
XP_006248784.1_S602s,PHOSPHO,CORTEX,male,4w,0.478875011359842,1,0.00235874140523594,3.33170947116772,0.30582300024865,S602 iso2 (rat),~S616,CDK1-like,Male,FALSE,
XP_006248784.1_S602s,PHOSPHO,CORTEX,male,8w,0.190187544446121,1,0.196073258673935,1.32320465277552,0.30582300024865,S602 iso2 (rat),~S616,CDK1-like,Male,FALSE,
XP_006248784.1_S602s,PHOSPHO,CORTEX,female,1w,0.177252825323312,1,0.39269177735125,0.86745234763744306,0.30582300024865,S602 iso2 (rat),~S616,CDK1-like,Female,FALSE,
XP_006248784.1_S602s,PHOSPHO,CORTEX,female,2w,-0.134149331707065,1,0.516582273846873,-0.656509437923091,0.30582300024865,S602 iso2 (rat),~S616,CDK1-like,Female,FALSE,
XP_006248784.1_S602s,PHOSPHO,CORTEX,female,4w,0.0975250879722062,1,0.636681227990343,0.477275137142269,0.30582300024865,S602 iso2 (rat),~S616,CDK1-like,Female,FALSE,
XP_006248784.1_S602s,PHOSPHO,CORTEX,female,8w,-0.0573927984753034,1,0.780767281501803,-0.280872915193735,0.30582300024865,S602 iso2 (rat),~S616,CDK1-like,Female,FALSE,
XP_006248786.1_S126s,PHOSPHO,CORTEX,male,1w,-0.0711175840063892,1,0.408201909301933,-0.84568630731217,1,S126 iso4,S143,unknown,Male,FALSE,
XP_006248786.1_S126s,PHOSPHO,CORTEX,male,2w,-0.108494030597364,1,0.21240837459061301,-1.29014388471148,1,S126 iso4,S143,unknown,Male,FALSE,
XP_006248786.1_S126s,PHOSPHO,CORTEX,male,4w,-0.0543351948527158,1,0.525892186046115,-0.646120519054082,1,S126 iso4,S143,unknown,Male,FALSE,
XP_006248786.1_S126s,PHOSPHO,CORTEX,male,8w,-0.0151269468141178,1,0.859141967539718,-0.179880292207193,1,S126 iso4,S143,unknown,Male,FALSE,
XP_006248786.1_S126s,PHOSPHO,CORTEX,female,1w,-0.131761531442557,1,0.146807331829255,-1.51101139054194,1,S126 iso4,S143,unknown,Female,FALSE,
XP_006248786.1_S126s,PHOSPHO,CORTEX,female,2w,2.44086695916579e-4,1,0.997795032124265,0.00279913092821396,1,S126 iso4,S143,unknown,Female,FALSE,
XP_006248786.1_S126s,PHOSPHO,CORTEX,female,4w,0.0155995098201562,1,0.859866725368984,0.178891644374998,1,S126 iso4,S143,unknown,Female,FALSE,
XP_006248786.1_S126s,PHOSPHO,CORTEX,female,8w,0.029051878836545,1,0.74256552531504,0.333160364471034,1,S126 iso4,S143,unknown,Female,FALSE,
XP_006248786.1_S535s,PHOSPHO,CORTEX,male,1w,0.120416009709713,1,0.454203053025384,0.781808558831663,1,S535 iso4,~S553,unknown,Male,FALSE,
XP_006248786.1_S535s,PHOSPHO,CORTEX,male,2w,0.062833729620068,1,0.692747998055841,0.407951963519693,1,S535 iso4,~S553,unknown,Male,FALSE,
XP_006248786.1_S535s,PHOSPHO,CORTEX,male,4w,0.082184955572341,1,0.606420451436164,0.5335910218961,1,S535 iso4,~S553,unknown,Male,FALSE,
XP_006248786.1_S535s,PHOSPHO,CORTEX,male,8w,0.0865558302140736,1,0.587720454372853,0.561969201946449,1,S535 iso4,~S553,unknown,Male,FALSE,
XP_006248786.1_S535s,PHOSPHO,CORTEX,female,1w,-0.121091839698338,1,0.447656621841359,-0.791988323862578,1,S535 iso4,~S553,unknown,Female,FALSE,
XP_006248786.1_S535s,PHOSPHO,CORTEX,female,2w,-0.0060194973761986,1,0.969409021713408,-0.0393698836300373,1,S535 iso4,~S553,unknown,Female,FALSE,
XP_006248786.1_S535s,PHOSPHO,CORTEX,female,4w,0.0481374933554097,1,0.759677849857537,0.31483816558136,1,S535 iso4,~S553,unknown,Female,FALSE,
XP_006248786.1_S535s,PHOSPHO,CORTEX,female,8w,-0.0128303207183984,1,0.934862397368875,-0.083915350742855,1,S535 iso4,~S553,unknown,Female,FALSE,
XP_006248786.1_S585s,PHOSPHO,CORTEX,male,1w,0.314128557016781,1,0.0370480053797684,2.18550783346392,0.285281986736327,S585 iso4,~S602,unknown,Male,FALSE,
XP_006248786.1_S585s,PHOSPHO,CORTEX,male,2w,0.478246164435426,1,0.00238563022717282,3.32733435197317,0.285281986736327,S585 iso4,~S602,unknown,Male,FALSE,
XP_006248786.1_S585s,PHOSPHO,CORTEX,male,4w,0.478875011359842,1,0.00235874140523594,3.33170947116772,0.285281986736327,S585 iso4,~S602,unknown,Male,FALSE,
XP_006248786.1_S585s,PHOSPHO,CORTEX,male,8w,0.190187544446121,1,0.196073258673935,1.32320465277552,0.285281986736327,S585 iso4,~S602,unknown,Male,FALSE,
XP_006248786.1_S585s,PHOSPHO,CORTEX,female,1w,0.177252825323312,1,0.39269177735125,0.86745234763744306,0.285281986736327,S585 iso4,~S602,unknown,Female,FALSE,
XP_006248786.1_S585s,PHOSPHO,CORTEX,female,2w,-0.134149331707065,1,0.516582273846873,-0.656509437923091,0.285281986736327,S585 iso4,~S602,unknown,Female,FALSE,
XP_006248786.1_S585s,PHOSPHO,CORTEX,female,4w,0.0975250879722062,1,0.636681227990343,0.477275137142269,0.285281986736327,S585 iso4,~S602,unknown,Female,FALSE,
XP_006248786.1_S585s,PHOSPHO,CORTEX,female,8w,-0.0573927984753034,1,0.780767281501803,-0.280872915193735,0.285281986736327,S585 iso4,~S602,unknown,Female,FALSE,
XP_008767063.1_S139s,PHOSPHO,CORTEX,male,1w,-0.0711175840063892,1,0.408201909301933,-0.84568630731217,0.880292253762107,S139 iso3,S155,unknown,Male,FALSE,
XP_008767063.1_S139s,PHOSPHO,CORTEX,male,2w,-0.108494030597364,1,0.21240837459061301,-1.29014388471148,0.880292253762107,S139 iso3,S155,unknown,Male,FALSE,
XP_008767063.1_S139s,PHOSPHO,CORTEX,male,4w,-0.0543351948527158,1,0.525892186046115,-0.646120519054082,0.880292253762107,S139 iso3,S155,unknown,Male,FALSE,
XP_008767063.1_S139s,PHOSPHO,CORTEX,male,8w,-0.0151269468141178,1,0.859141967539718,-0.179880292207193,0.880292253762107,S139 iso3,S155,unknown,Male,FALSE,
XP_008767063.1_S139s,PHOSPHO,CORTEX,female,1w,-0.131761531442557,1,0.146807331829255,-1.51101139054194,0.880292253762107,S139 iso3,S155,unknown,Female,FALSE,
XP_008767063.1_S139s,PHOSPHO,CORTEX,female,2w,2.44086695916579e-4,1,0.997795032124265,0.00279913092821396,0.880292253762107,S139 iso3,S155,unknown,Female,FALSE,
XP_008767063.1_S139s,PHOSPHO,CORTEX,female,4w,0.0155995098201562,1,0.859866725368984,0.178891644374998,0.880292253762107,S139 iso3,S155,unknown,Female,FALSE,
XP_008767063.1_S139s,PHOSPHO,CORTEX,female,8w,0.029051878836545,1,0.74256552531504,0.333160364471034,0.880292253762107,S139 iso3,S155,unknown,Female,FALSE,
XP_008767063.1_S547s,PHOSPHO,CORTEX,male,1w,0.0119527628595762,1,0.924108363210225,0.0979356757353696,0.776975478889713,S547 iso3,S564,unknown,Male,FALSE,
XP_008767063.1_S547s,PHOSPHO,CORTEX,male,2w,-0.025843694621082,1,0.836971046976843,-0.211751854023141,0.776975478889713,S547 iso3,S564,unknown,Male,FALSE,
XP_008767063.1_S547s,PHOSPHO,CORTEX,male,4w,-0.124878186956989,1,0.33266547496656,-1.023196876565,0.776975478889713,S547 iso3,S564,unknown,Male,FALSE,
XP_008767063.1_S547s,PHOSPHO,CORTEX,male,8w,-0.301843788423501,1,0.0351331666732416,-2.47317509207471,0.776975478889713,S547 iso3,S564,unknown,Male,FALSE,
XP_008767063.1_S547s,PHOSPHO,CORTEX,female,1w,-0.0884206516190097,1,0.508886590843952,-0.686317169332835,0.776975478889713,S547 iso3,S564,unknown,Female,FALSE,
XP_008767063.1_S547s,PHOSPHO,CORTEX,female,2w,-0.0845307253393025,1,0.52728698347393,-0.656123734379365,0.776975478889713,S547 iso3,S564,unknown,Female,FALSE,
XP_008767063.1_S547s,PHOSPHO,CORTEX,female,4w,0.0914175197170133,1,0.494981051452384,0.709578726358542,0.776975478889713,S547 iso3,S564,unknown,Female,FALSE,
XP_008767063.1_S547s,PHOSPHO,CORTEX,female,8w,-0.0206587338857572,1,0.875955677142515,-0.160352174552681,0.776975478889713,S547 iso3,S564,unknown,Female,FALSE,
XP_008767063.1_S551s,PHOSPHO,CORTEX,male,1w,0.308304234920988,1,0.10044545813539,1.82820073988287,0.708856179010008,S551 iso3,S568,unknown,Male,FALSE,
XP_008767063.1_S551s,PHOSPHO,CORTEX,male,2w,-0.0464200523957163,1,0.789266223424576,-0.275264380189261,0.708856179010008,S551 iso3,S568,unknown,Male,FALSE,
XP_008767063.1_S551s,PHOSPHO,CORTEX,male,4w,0.0524708568863076,1,0.762705865447243,0.311144799572474,0.708856179010008,S551 iso3,S568,unknown,Male,FALSE,
XP_008767063.1_S551s,PHOSPHO,CORTEX,male,8w,0.109204258283456,1,0.533273154784947,0.647565888426213,0.708856179010008,S551 iso3,S568,unknown,Male,FALSE,
XP_008767063.1_S551s,PHOSPHO,CORTEX,female,1w,-0.127459832030249,1,0.295797012428082,-1.10624508525192,0.708856179010008,S551 iso3,S568,unknown,Female,FALSE,
XP_008767063.1_S551s,PHOSPHO,CORTEX,female,2w,-0.244039596323412,1,0.0615938551619365,-2.1180602527043,0.708856179010008,S551 iso3,S568,unknown,Female,FALSE,
XP_008767063.1_S551s,PHOSPHO,CORTEX,female,4w,-0.0573141068567694,1,0.630169599613566,-0.497438667664786,0.708856179010008,S551 iso3,S568,unknown,Female,FALSE,
XP_008767063.1_S551s,PHOSPHO,CORTEX,female,8w,-0.0914086164153231,1,0.446900123177677,-0.793350587776791,0.708856179010008,S551 iso3,S568,unknown,Female,FALSE,
XP_008767063.1_S557s,PHOSPHO,CORTEX,male,1w,-0.014841704076393,1,0.761051484467299,-0.307571574958922,0.840422525501937,S557 iso3,S574,unknown,Male,FALSE,
XP_008767063.1_S557s,PHOSPHO,CORTEX,male,2w,-0.0704584126719768,1,0.15716916678899,-1.46014263881565,0.840422525501937,S557 iso3,S574,unknown,Male,FALSE,
XP_008767063.1_S557s,PHOSPHO,CORTEX,male,4w,-0.0167694620315539,1,0.73121736116693,-0.347521404665574,0.840422525501937,S557 iso3,S574,unknown,Male,FALSE,
XP_008767063.1_S557s,PHOSPHO,CORTEX,male,8w,0.0129420094272493,1,0.790825871698646,0.268203314267919,0.840422525501937,S557 iso3,S574,unknown,Male,FALSE,
XP_008767063.1_S557s,PHOSPHO,CORTEX,female,1w,-0.0900495623810243,1,0.258391064502529,-1.15707484061845,0.840422525501937,S557 iso3,S574,unknown,Female,FALSE,
XP_008767063.1_S557s,PHOSPHO,CORTEX,female,2w,-0.102116349063947,1,0.20163079732228,-1.31212473657288,0.840422525501937,S557 iso3,S574,unknown,Female,FALSE,
XP_008767063.1_S557s,PHOSPHO,CORTEX,female,4w,-0.0975010983392883,1,0.222088323595058,-1.25282194425,0.840422525501937,S557 iso3,S574,unknown,Female,FALSE,
XP_008767063.1_S557s,PHOSPHO,CORTEX,female,8w,-0.0384692071715766,1,0.625492302671489,-0.494302810361575,0.840422525501937,S557 iso3,S574,unknown,Female,FALSE,
XP_008767063.1_S561s,PHOSPHO,CORTEX,male,1w,0.218007037124794,1,0.0705694149593051,1.87707286107261,0.00735205757314887,S561 iso3,S578,unknown,Male,FALSE,
XP_008767063.1_S561s,PHOSPHO,CORTEX,male,2w,0.520392106930363,1,1.06465971804436e-4,4.48065307394742,0.00735205757314887,S561 iso3,S578,unknown,Male,FALSE,
XP_008767063.1_S561s,PHOSPHO,CORTEX,male,4w,0.582913338276215,0.996629600196162,2.38687323859505e-5,5.01897013080903,0.00735205757314887,S561 iso3,S578,unknown,Male,FALSE,
XP_008767063.1_S561s,PHOSPHO,CORTEX,male,8w,0.114900488358281,1,0.330668684235321,0.98931021340315,0.00735205757314887,S561 iso3,S578,unknown,Male,FALSE,
XP_008767063.1_S561s,PHOSPHO,CORTEX,female,1w,0.297893744849369,1,0.0165990568949031,2.53992860652305,0.00735205757314887,S561 iso3,S578,unknown,Female,FALSE,
XP_008767063.1_S561s,PHOSPHO,CORTEX,female,2w,0.0476805595087209,1,0.687279764937517,0.406538301542593,0.00735205757314887,S561 iso3,S578,unknown,Female,FALSE,
XP_008767063.1_S561s,PHOSPHO,CORTEX,female,4w,-0.0185709723344128,1,0.875266033249505,-0.158341504978476,0.00735205757314887,S561 iso3,S578,unknown,Female,FALSE,
XP_008767063.1_S561s,PHOSPHO,CORTEX,female,8w,-0.103331578582522,1,0.385416601797299,-0.881035056750327,0.00735205757314887,S561 iso3,S578,unknown,Female,FALSE,
XP_008767063.1_S635s,PHOSPHO,CORTEX,male,1w,0.314128557016781,1,0.0370480053797684,2.18550783346392,0.349099818027197,S635 iso3 (rat),~S637,PKA-like,Male,FALSE,
XP_008767063.1_S635s,PHOSPHO,CORTEX,male,2w,0.478246164435426,1,0.00238563022717282,3.32733435197317,0.349099818027197,S635 iso3 (rat),~S637,PKA-like,Male,FALSE,
XP_008767063.1_S635s,PHOSPHO,CORTEX,male,4w,0.478875011359842,1,0.00235874140523594,3.33170947116772,0.349099818027197,S635 iso3 (rat),~S637,PKA-like,Male,FALSE,
XP_008767063.1_S635s,PHOSPHO,CORTEX,male,8w,0.190187544446121,1,0.196073258673935,1.32320465277552,0.349099818027197,S635 iso3 (rat),~S637,PKA-like,Male,FALSE,
XP_008767063.1_S635s,PHOSPHO,CORTEX,female,1w,0.177252825323312,1,0.39269177735125,0.86745234763744306,0.349099818027197,S635 iso3 (rat),~S637,PKA-like,Female,FALSE,
XP_008767063.1_S635s,PHOSPHO,CORTEX,female,2w,-0.134149331707065,1,0.516582273846873,-0.656509437923091,0.349099818027197,S635 iso3 (rat),~S637,PKA-like,Female,FALSE,
XP_008767063.1_S635s,PHOSPHO,CORTEX,female,4w,0.0975250879722062,1,0.636681227990343,0.477275137142269,0.349099818027197,S635 iso3 (rat),~S637,PKA-like,Female,FALSE,
XP_008767063.1_S635s,PHOSPHO,CORTEX,female,8w,-0.0573927984753034,1,0.780767281501803,-0.280872915193735,0.349099818027197,S635 iso3 (rat),~S637,PKA-like,Female,FALSE,
XP_017453332.1_S548s,PHOSPHO,HEART,male,1w,-0.615535762894345,1,0.0154653505104825,-2.60709294906924,0.365371922481086,NA,NA,NA,Male,FALSE,
XP_017453332.1_S548s,PHOSPHO,HEART,male,2w,-0.833554297386311,1,0.00171122135202204,-3.53050734398227,0.365371922481086,NA,NA,NA,Male,FALSE,
XP_017453332.1_S548s,PHOSPHO,HEART,male,4w,-0.653836361685813,1,0.01067016333575,-2.76931458926255,0.365371922481086,NA,NA,NA,Male,FALSE,
XP_017453332.1_S548s,PHOSPHO,HEART,male,8w,-0.728111898631912,1,0.00508562974356906,-3.08390756717494,0.365371922481086,NA,NA,NA,Male,FALSE,
XP_017453332.1_S548s,PHOSPHO,HEART,female,1w,-0.283281479678428,1,0.322980120809647,-1.00934174997794,0.365371922481086,NA,NA,NA,Female,FALSE,
XP_017453332.1_S548s,PHOSPHO,HEART,female,2w,-0.191376318469864,1,0.501908177379114,-0.681880468881983,0.365371922481086,NA,NA,NA,Female,FALSE,
XP_017453332.1_S548s,PHOSPHO,HEART,female,4w,-0.0921761791327745,1,0.745465915936282,-0.328426927371913,0.365371922481086,NA,NA,NA,Female,FALSE,
XP_017453332.1_S548s,PHOSPHO,HEART,female,8w,-0.0694278508141552,1,0.806744085538469,-0.247373843561942,0.365371922481086,NA,NA,NA,Female,FALSE,
XP_017453332.1_S563sS567s,PHOSPHO,HEART,male,1w,0.127634630871503,1,0.503390758734596,0.686907537074291,0.640652510917454,NA,NA,NA,Male,FALSE,
XP_017453332.1_S563sS567s,PHOSPHO,HEART,male,2w,-0.190140790259019,1,0.323567160825235,-1.02330489023527,0.640652510917454,NA,NA,NA,Male,FALSE,
XP_017453332.1_S563sS567s,PHOSPHO,HEART,male,4w,0.158046345311036,1,0.409353644905327,0.850578131185203,0.640652510917454,NA,NA,NA,Male,FALSE,
XP_017453332.1_S563sS567s,PHOSPHO,HEART,male,8w,0.268054353894944,1,0.171183451506093,1.44262223174672,0.640652510917454,NA,NA,NA,Male,FALSE,
XP_017453332.1_S563sS567s,PHOSPHO,HEART,female,1w,0.215250340997905,1,0.184890511315979,1.39580232908317,0.640652510917454,NA,NA,NA,Female,FALSE,
XP_017453332.1_S563sS567s,PHOSPHO,HEART,female,2w,0.0639046408645763,1,0.6849740965423,0.414393055753009,0.640652510917454,NA,NA,NA,Female,FALSE,
XP_017453332.1_S563sS567s,PHOSPHO,HEART,female,4w,0.142362509170223,1,0.371831010603219,0.923157291889517,0.640652510917454,NA,NA,NA,Female,FALSE,
XP_017453332.1_S563sS567s,PHOSPHO,HEART,female,8w,-0.0250668535746703,1,0.873237853305264,-0.162547350401884,0.640652510917454,NA,NA,NA,Female,FALSE,
XP_017453332.1_S563sS567sS571s,PHOSPHO,HEART,male,1w,-0.203023263343198,1,0.573796557836468,-0.575979191438556,0.180068402082495,NA,NA,NA,Male,FALSE,
XP_017453332.1_S563sS567sS571s,PHOSPHO,HEART,male,2w,0.709722610213579,1,0.0637539921527203,2.01349071256653,0.180068402082495,NA,NA,NA,Male,FALSE,
XP_017453332.1_S563sS567sS571s,PHOSPHO,HEART,male,4w,1.45727206416937,1,0.00101751023574211,4.13429658948681,0.180068402082495,NA,NA,NA,Male,FALSE,
XP_017453332.1_S563sS567sS571s,PHOSPHO,HEART,male,8w,0.0934223354484751,1,0.794851217988946,0.265040174942677,0.180068402082495,NA,NA,NA,Male,FALSE,
XP_017453332.1_S563sS567sS571s,PHOSPHO,HEART,female,1w,-0.13594189410817,1,0.598195590553826,-0.539453864747561,0.180068402082495,NA,NA,NA,Female,FALSE,
XP_017453332.1_S563sS567sS571s,PHOSPHO,HEART,female,2w,-0.453249747010885,1,0.0940453599019609,-1.79861645539763,0.180068402082495,NA,NA,NA,Female,FALSE,
XP_017453332.1_S563sS567sS571s,PHOSPHO,HEART,female,4w,-0.261570023110414,1,0.317177197783209,-1.0379799457314,0.180068402082495,NA,NA,NA,Female,FALSE,
XP_017453332.1_S563sS567sS571s,PHOSPHO,HEART,female,8w,-0.225014004248607,1,0.387252805050271,-0.89291586681622,0.180068402082495,NA,NA,NA,Female,FALSE,
XP_017453332.1_S567s,PHOSPHO,HEART,male,1w,-0.0196313481266595,1,0.91069447743619,-0.115371092457995,0.801583077045635,NA,NA,NA,Male,FALSE,
XP_017453332.1_S567s,PHOSPHO,HEART,male,2w,-0.216007494823855,1,0.236251155327762,-1.2694502943025,0.801583077045635,NA,NA,NA,Male,FALSE,
XP_017453332.1_S567s,PHOSPHO,HEART,male,4w,-0.16480814410061,1,0.358174696076661,-0.968557814174805,0.801583077045635,NA,NA,NA,Male,FALSE,
XP_017453332.1_S567s,PHOSPHO,HEART,male,8w,-0.243791401848909,1,0.185877055395218,-1.43273300344457,0.801583077045635,NA,NA,NA,Male,FALSE,
XP_017453332.1_S567s,PHOSPHO,HEART,female,1w,-0.212996297775827,1,0.291732002654412,-1.1218601099105,0.801583077045635,NA,NA,NA,Female,FALSE,
XP_017453332.1_S567s,PHOSPHO,HEART,female,2w,-0.28133007895125,1,0.173453289946174,-1.48177689748182,0.801583077045635,NA,NA,NA,Female,FALSE,
XP_017453332.1_S567s,PHOSPHO,HEART,female,4w,-0.259755638917773,1,0.205332572466174,-1.36814344976487,0.801583077045635,NA,NA,NA,Female,FALSE,
XP_017453332.1_S567s,PHOSPHO,HEART,female,8w,-0.30046005712630097,1,0.148911601720641,-1.58253526578284,0.801583077045635,NA,NA,NA,Female,FALSE,
XP_017453332.1_S580s,PHOSPHO,HEART,male,1w,0.00716948507184514,1,0.937338214448169,0.0794452658774136,0.95172916452636,NA,NA,NA,Male,FALSE,
XP_017453332.1_S580s,PHOSPHO,HEART,male,2w,-0.0871704041795388,1,0.343723589543126,-0.965937702259944,0.95172916452636,NA,NA,NA,Male,FALSE,
XP_017453332.1_S580s,PHOSPHO,HEART,male,4w,-0.00101408504231718,1,0.991127309737544,-0.0112371048969159,0.95172916452636,NA,NA,NA,Male,FALSE,
XP_017453332.1_S580s,PHOSPHO,HEART,male,8w,-0.0373581606177073,1,0.6825803212899,-0.413966829308294,0.95172916452636,NA,NA,NA,Male,FALSE,
XP_017453332.1_S580s,PHOSPHO,HEART,female,1w,-0.0470669120676777,1,0.715900981849946,-0.368313217309115,0.95172916452636,NA,NA,NA,Female,FALSE,
XP_017453332.1_S580s,PHOSPHO,HEART,female,2w,0.0774105980232741,1,0.550416397544497,0.605761992007849,0.95172916452636,NA,NA,NA,Female,FALSE,
XP_017453332.1_S580s,PHOSPHO,HEART,female,4w,-0.0160042624414519,1,0.901388536109709,-0.125238328403503,0.95172916452636,NA,NA,NA,Female,FALSE,
XP_017453332.1_S580s,PHOSPHO,HEART,female,8w,-0.106219530448442,1,0.414135792534129,-0.831200843264916,0.95172916452636,NA,NA,NA,Female,FALSE,
XP_017453332.1_S630s,PHOSPHO,HEART,male,1w,0.00141094019893774,1,0.985165634839978,0.018754403399133,0.724267174169665,NA,NA,NA,Male,FALSE,
XP_017453332.1_S630s,PHOSPHO,HEART,male,2w,-0.0480690846667491,1,0.527882734288544,-0.638940619557094,0.724267174169665,NA,NA,NA,Male,FALSE,
XP_017453332.1_S630s,PHOSPHO,HEART,male,4w,-7.09391406280013e-5,1,0.999254113834779,-9.42932422739814e-4,0.724267174169665,NA,NA,NA,Male,FALSE,
XP_017453332.1_S630s,PHOSPHO,HEART,male,8w,-0.0275922126670708,1,0.716464536840653,-0.366759333544047,0.724267174169665,NA,NA,NA,Male,FALSE,
XP_017453332.1_S630s,PHOSPHO,HEART,female,1w,0.130171855431151,1,0.121175908858957,1.5970935852174,0.724267174169665,NA,NA,NA,Female,FALSE,
XP_017453332.1_S630s,PHOSPHO,HEART,female,2w,0.0811735085203247,1,0.327591744653533,0.995927186548928,0.724267174169665,NA,NA,NA,Female,FALSE,
XP_017453332.1_S630s,PHOSPHO,HEART,female,4w,-0.0535239978155086,1,0.516599675695565,-0.656692134280525,0.724267174169665,NA,NA,NA,Female,FALSE,
XP_017453332.1_S630s,PHOSPHO,HEART,female,8w,0.086720546965796,1,0.296188077020946,1.06398444430924,0.724267174169665,NA,NA,NA,Female,FALSE,
XP_017453332.1_S708s,PHOSPHO,HEART,male,1w,0.243422138739506,1,0.192490880830842,1.35133579817539,0.432990185183799,NA,NA,NA,Male,FALSE,
XP_017453332.1_S708s,PHOSPHO,HEART,male,2w,0.541960829061655,1,0.00723335529388042,3.00864610471424,0.432990185183799,NA,NA,NA,Male,FALSE,
XP_017453332.1_S708s,PHOSPHO,HEART,male,4w,-0.00353082793910597,1,0.984566390263342,-0.0196010692208143,0.432990185183799,NA,NA,NA,Male,FALSE,
XP_017453332.1_S708s,PHOSPHO,HEART,male,8w,0.208541921835187,1,0.261360532187227,1.1577014558144,0.432990185183799,NA,NA,NA,Male,FALSE,
XP_017453332.1_S708s,PHOSPHO,HEART,female,1w,-0.189404040705436,1,0.254315762274116,-1.17596938942701,0.432990185183799,NA,NA,NA,Female,FALSE,
XP_017453332.1_S708s,PHOSPHO,HEART,female,2w,-0.336252131800417,1,0.0507075463294671,-2.0877179423106,0.432990185183799,NA,NA,NA,Female,FALSE,
XP_017453332.1_S708s,PHOSPHO,HEART,female,4w,-0.134799865694668,1,0.413159631763422,-0.836943684862218,0.432990185183799,NA,NA,NA,Female,FALSE,
XP_017453332.1_S708s,PHOSPHO,HEART,female,8w,-0.197879038851147,1,0.234416606976367,-1.22858884969664,0.432990185183799,NA,NA,NA,Female,FALSE,
XP_017453332.1_S71s,PHOSPHO,HEART,male,1w,-0.0166622268006972,1,0.92760863545701,-0.0925080243741962,0.744343577850254,NA,NA,NA,Male,FALSE,
XP_017453332.1_S71s,PHOSPHO,HEART,male,2w,0.3256339488207,1,0.0922055049180156,1.80790680830911,0.744343577850254,NA,NA,NA,Male,FALSE,
XP_017453332.1_S71s,PHOSPHO,HEART,male,4w,0.186591269599268,1,0.3178361939804,1.03594735100947,0.744343577850254,NA,NA,NA,Male,FALSE,
XP_017453332.1_S71s,PHOSPHO,HEART,male,8w,0.351936758892435,1,0.0710400329747888,1.95393896981613,0.744343577850254,NA,NA,NA,Male,FALSE,
XP_017453332.1_S71s,PHOSPHO,HEART,female,1w,0.072517929804007,1,0.604919268149995,0.529467520221494,0.744343577850254,NA,NA,NA,Female,FALSE,
XP_017453332.1_S71s,PHOSPHO,HEART,female,2w,0.0279612026836274,1,0.841224874487023,0.204150183097101,0.744343577850254,NA,NA,NA,Female,FALSE,
XP_017453332.1_S71s,PHOSPHO,HEART,female,4w,0.14100400864953,1,0.321004103559872,1.02949771184493,0.744343577850254,NA,NA,NA,Female,FALSE,
XP_017453332.1_S71s,PHOSPHO,HEART,female,8w,-0.0456315877735342,1,0.744031942114434,-0.33316510396147,0.744343577850254,NA,NA,NA,Female,FALSE,
NP_446107.2_S596s,PHOSPHO,KIDNEY,male,1w,0.352506912602205,1,0.0471229829719797,2.27753457976033,1,S596 (rat),S616,CDK1 / CAMKII,Male,TRUE,
NP_446107.2_S596s,PHOSPHO,KIDNEY,male,2w,0.264781551396782,1,0.119311451644155,1.71074415232613,1,S596 (rat),S616,CDK1 / CAMKII,Male,TRUE,
NP_446107.2_S596s,PHOSPHO,KIDNEY,male,4w,0.049955250994778,1,0.753824639261122,0.322759093548913,1,S596 (rat),S616,CDK1 / CAMKII,Male,TRUE,
NP_446107.2_S596s,PHOSPHO,KIDNEY,male,8w,0.238185335348135,1,0.156238166044075,1.5389069497748,1,S596 (rat),S616,CDK1 / CAMKII,Male,TRUE,
NP_446107.2_S596s,PHOSPHO,KIDNEY,female,1w,0.0169012799578935,1,0.931607664611486,0.0880895308143172,1,S596 (rat),S616,CDK1 / CAMKII,Female,TRUE,
NP_446107.2_S596s,PHOSPHO,KIDNEY,female,2w,0.112083612239169,1,0.572508338430845,0.584180182726989,1,S596 (rat),S616,CDK1 / CAMKII,Female,TRUE,
NP_446107.2_S596s,PHOSPHO,KIDNEY,female,4w,0.1385281539958,1,0.487424583660466,0.722009227730965,1,S596 (rat),S616,CDK1 / CAMKII,Female,TRUE,
NP_446107.2_S596s,PHOSPHO,KIDNEY,female,8w,0.197803028703637,1,0.327724018555472,1.03095008399151,1,S596 (rat),S616,CDK1 / CAMKII,Female,TRUE,
XP_006248784.1_S602s,PHOSPHO,KIDNEY,male,1w,0.352506912602205,1,0.0471229829719797,2.27753457976033,1,S602 iso2 (rat),~S616,CDK1-like,Male,FALSE,
XP_006248784.1_S602s,PHOSPHO,KIDNEY,male,2w,0.264781551396782,1,0.119311451644155,1.71074415232613,1,S602 iso2 (rat),~S616,CDK1-like,Male,FALSE,
XP_006248784.1_S602s,PHOSPHO,KIDNEY,male,4w,0.049955250994778,1,0.753824639261122,0.322759093548913,1,S602 iso2 (rat),~S616,CDK1-like,Male,FALSE,
XP_006248784.1_S602s,PHOSPHO,KIDNEY,male,8w,0.238185335348135,1,0.156238166044075,1.5389069497748,1,S602 iso2 (rat),~S616,CDK1-like,Male,FALSE,
XP_006248784.1_S602s,PHOSPHO,KIDNEY,female,1w,0.0169012799578935,1,0.931607664611486,0.0880895308143172,1,S602 iso2 (rat),~S616,CDK1-like,Female,FALSE,
XP_006248784.1_S602s,PHOSPHO,KIDNEY,female,2w,0.112083612239169,1,0.572508338430845,0.584180182726989,1,S602 iso2 (rat),~S616,CDK1-like,Female,FALSE,
XP_006248784.1_S602s,PHOSPHO,KIDNEY,female,4w,0.1385281539958,1,0.487424583660466,0.722009227730965,1,S602 iso2 (rat),~S616,CDK1-like,Female,FALSE,
XP_006248784.1_S602s,PHOSPHO,KIDNEY,female,8w,0.197803028703637,1,0.327724018555472,1.03095008399151,1,S602 iso2 (rat),~S616,CDK1-like,Female,FALSE,
XP_008767063.1_S635s,PHOSPHO,KIDNEY,male,1w,0.352506912602205,1,0.0471229829719797,2.27753457976033,1,S635 iso3 (rat),~S637,PKA-like,Male,FALSE,
XP_008767063.1_S635s,PHOSPHO,KIDNEY,male,2w,0.264781551396782,1,0.119311451644155,1.71074415232613,1,S635 iso3 (rat),~S637,PKA-like,Male,FALSE,
XP_008767063.1_S635s,PHOSPHO,KIDNEY,male,4w,0.049955250994778,1,0.753824639261122,0.322759093548913,1,S635 iso3 (rat),~S637,PKA-like,Male,FALSE,
XP_008767063.1_S635s,PHOSPHO,KIDNEY,male,8w,0.238185335348135,1,0.156238166044075,1.5389069497748,1,S635 iso3 (rat),~S637,PKA-like,Male,FALSE,
XP_008767063.1_S635s,PHOSPHO,KIDNEY,female,1w,0.0169012799578935,1,0.931607664611486,0.0880895308143172,1,S635 iso3 (rat),~S637,PKA-like,Female,FALSE,
XP_008767063.1_S635s,PHOSPHO,KIDNEY,female,2w,0.112083612239169,1,0.572508338430845,0.584180182726989,1,S635 iso3 (rat),~S637,PKA-like,Female,FALSE,
XP_008767063.1_S635s,PHOSPHO,KIDNEY,female,4w,0.1385281539958,1,0.487424583660466,0.722009227730965,1,S635 iso3 (rat),~S637,PKA-like,Female,FALSE,
XP_008767063.1_S635s,PHOSPHO,KIDNEY,female,8w,0.197803028703637,1,0.327724018555472,1.03095008399151,1,S635 iso3 (rat),~S637,PKA-like,Female,FALSE,
XP_017453332.1_S548s,PHOSPHO,LIVER,male,1w,-0.282831044752694,1,0.0199452104710809,-2.46458402837657,0.402705544635117,NA,NA,NA,Male,FALSE,
XP_017453332.1_S548s,PHOSPHO,LIVER,male,2w,-0.262438694090756,1,0.0297628397402807,-2.28688549536576,0.402705544635117,NA,NA,NA,Male,FALSE,
XP_017453332.1_S548s,PHOSPHO,LIVER,male,4w,-0.215550099790937,1,0.0705248784588344,-1.87829922887084,0.402705544635117,NA,NA,NA,Male,FALSE,
XP_017453332.1_S548s,PHOSPHO,LIVER,male,8w,-0.0173917461776256,1,0.880600165810211,-0.151551325960115,0.402705544635117,NA,NA,NA,Male,FALSE,
XP_017453332.1_S548s,PHOSPHO,LIVER,female,1w,-0.0318148779583551,1,0.778111579006656,-0.284489001798814,0.402705544635117,NA,NA,NA,Female,FALSE,
XP_017453332.1_S548s,PHOSPHO,LIVER,female,2w,-0.0940738157009041,1,0.385081166864678,-0.882267582521385,0.402705544635117,NA,NA,NA,Female,FALSE,
XP_017453332.1_S548s,PHOSPHO,LIVER,female,4w,0.0840032335322859,1,0.437364996435174,0.787821023526284,0.402705544635117,NA,NA,NA,Female,FALSE,
XP_017453332.1_S548s,PHOSPHO,LIVER,female,8w,-0.0339790485355188,1,0.752321084123371,-0.318671170978354,0.402705544635117,NA,NA,NA,Female,FALSE,
XP_017453332.1_S630s,PHOSPHO,LIVER,male,1w,0.0691506733800557,1,0.366965371288299,0.916635766683768,0.435220560947279,NA,NA,NA,Male,FALSE,
XP_017453332.1_S630s,PHOSPHO,LIVER,male,2w,0.0230214112133838,1,0.762442032543852,0.305163317813889,0.435220560947279,NA,NA,NA,Male,FALSE,
XP_017453332.1_S630s,PHOSPHO,LIVER,male,4w,0.0558375776726272,1,0.465208407992939,0.740162290805329,0.435220560947279,NA,NA,NA,Male,FALSE,
XP_017453332.1_S630s,PHOSPHO,LIVER,male,8w,0.0652221994790671,1,0.394442088392494,0.864561368704465,0.435220560947279,NA,NA,NA,Male,FALSE,
XP_017453332.1_S630s,PHOSPHO,LIVER,female,1w,0.121152882744838,1,0.109048735902733,1.65475511506479,0.435220560947279,NA,NA,NA,Female,FALSE,
XP_017453332.1_S630s,PHOSPHO,LIVER,female,2w,-0.0887133012537275,1,0.214161731875536,-1.27082299108957,0.435220560947279,NA,NA,NA,Female,FALSE,
XP_017453332.1_S630s,PHOSPHO,LIVER,female,4w,0.0846339387412923,1,0.235411163307483,1.21238589545084,0.435220560947279,NA,NA,NA,Female,FALSE,
XP_017453332.1_S630s,PHOSPHO,LIVER,female,8w,0.0977965338302501,1,0.172126193154522,1.40094080463643,0.435220560947279,NA,NA,NA,Female,FALSE,
NP_446107.2_S596s,PHOSPHO,LUNG,male,1w,-0.171675721337618,1,0.151551628885847,-1.48031446115846,0.906161883532053,S596 (rat),S616,CDK1 / CAMKII,Male,TRUE,
NP_446107.2_S596s,PHOSPHO,LUNG,male,2w,-0.219413348232699,1,0.0703910226950809,-1.89194342583426,0.906161883532053,S596 (rat),S616,CDK1 / CAMKII,Male,TRUE,
NP_446107.2_S596s,PHOSPHO,LUNG,male,4w,-0.243363859407638,1,0.0463596588801598,-2.09846236612562,0.906161883532053,S596 (rat),S616,CDK1 / CAMKII,Male,TRUE,
NP_446107.2_S596s,PHOSPHO,LUNG,male,8w,-0.12475807222409,1,0.292529882083448,-1.07575594860252,0.906161883532053,S596 (rat),S616,CDK1 / CAMKII,Male,TRUE,
NP_446107.2_S596s,PHOSPHO,LUNG,female,1w,-0.0284361113781627,1,0.81192195510078,-0.240530522063856,0.906161883532053,S596 (rat),S616,CDK1 / CAMKII,Female,TRUE,
NP_446107.2_S596s,PHOSPHO,LUNG,female,2w,0.0564860856500562,1,0.637035022973703,0.477794853525065,0.906161883532053,S596 (rat),S616,CDK1 / CAMKII,Female,TRUE,
NP_446107.2_S596s,PHOSPHO,LUNG,female,4w,0.126192154514388,1,0.296199427236687,1.06741264310204,0.906161883532053,S596 (rat),S616,CDK1 / CAMKII,Female,TRUE,
NP_446107.2_S596s,PHOSPHO,LUNG,female,8w,-0.0906935107736901,1,0.45033250534706,-0.767142778564016,0.906161883532053,S596 (rat),S616,CDK1 / CAMKII,Female,TRUE,
XP_008767064.1_S628s,PHOSPHO,LUNG,male,1w,-0.171675721337618,1,0.151551628885847,-1.48031446115846,1,NA,NA,NA,Male,FALSE,
XP_008767064.1_S628s,PHOSPHO,LUNG,male,2w,-0.219413348232699,1,0.0703910226950809,-1.89194342583426,1,NA,NA,NA,Male,FALSE,
XP_008767064.1_S628s,PHOSPHO,LUNG,male,4w,-0.243363859407638,1,0.0463596588801598,-2.09846236612562,1,NA,NA,NA,Male,FALSE,
XP_008767064.1_S628s,PHOSPHO,LUNG,male,8w,-0.12475807222409,1,0.292529882083448,-1.07575594860252,1,NA,NA,NA,Male,FALSE,
XP_008767064.1_S628s,PHOSPHO,LUNG,female,1w,-0.0284361113781627,1,0.81192195510078,-0.240530522063856,1,NA,NA,NA,Female,FALSE,
XP_008767064.1_S628s,PHOSPHO,LUNG,female,2w,0.0564860856500562,1,0.637035022973703,0.477794853525065,1,NA,NA,NA,Female,FALSE,
XP_008767064.1_S628s,PHOSPHO,LUNG,female,4w,0.126192154514388,1,0.296199427236687,1.06741264310204,1,NA,NA,NA,Female,FALSE,
XP_008767064.1_S628s,PHOSPHO,LUNG,female,8w,-0.0906935107736901,1,0.45033250534706,-0.767142778564016,1,NA,NA,NA,Female,FALSE,
NP_446107.2_S596s,PHOSPHO,SKM-GN,male,1w,0.323975202776278,1,0.0585468798272991,2.0603751136102,0.347833079577188,S596 (rat),S616,CDK1 / CAMKII,Male,TRUE,
NP_446107.2_S596s,PHOSPHO,SKM-GN,male,2w,-0.0564404257657959,1,0.72501884583122,-0.358942436497873,0.347833079577188,S596 (rat),S616,CDK1 / CAMKII,Male,TRUE,
NP_446107.2_S596s,PHOSPHO,SKM-GN,male,4w,0.0554902155755397,1,0.729445332163901,0.352899414032186,0.347833079577188,S596 (rat),S616,CDK1 / CAMKII,Male,TRUE,
NP_446107.2_S596s,PHOSPHO,SKM-GN,male,8w,0.141833280576415,1,0.382377834190995,0.902012743806008,0.347833079577188,S596 (rat),S616,CDK1 / CAMKII,Male,TRUE,
NP_446107.2_S596s,PHOSPHO,SKM-GN,female,1w,-0.503138532656655,1,0.0151183445443051,-2.78243984117235,0.347833079577188,S596 (rat),S616,CDK1 / CAMKII,Female,TRUE,
NP_446107.2_S596s,PHOSPHO,SKM-GN,female,2w,-0.118750580327715,1,0.522428882384373,-0.65671047717518,0.347833079577188,S596 (rat),S616,CDK1 / CAMKII,Female,TRUE,
NP_446107.2_S596s,PHOSPHO,SKM-GN,female,4w,-0.273392686773816,1,0.153658804941837,-1.51190706851253,0.347833079577188,S596 (rat),S616,CDK1 / CAMKII,Female,TRUE,
NP_446107.2_S596s,PHOSPHO,SKM-GN,female,8w,-0.333979723494983,1,0.0868322151872604,-1.84696346727694,0.347833079577188,S596 (rat),S616,CDK1 / CAMKII,Female,TRUE,
XP_006248784.1_S602s,PHOSPHO,SKM-GN,male,1w,0.323975202776278,1,0.0585468798272991,2.0603751136102,0.347833079577188,S602 iso2 (rat),~S616,CDK1-like,Male,FALSE,
XP_006248784.1_S602s,PHOSPHO,SKM-GN,male,2w,-0.0564404257657959,1,0.72501884583122,-0.358942436497873,0.347833079577188,S602 iso2 (rat),~S616,CDK1-like,Male,FALSE,
XP_006248784.1_S602s,PHOSPHO,SKM-GN,male,4w,0.0554902155755397,1,0.729445332163901,0.352899414032186,0.347833079577188,S602 iso2 (rat),~S616,CDK1-like,Male,FALSE,
XP_006248784.1_S602s,PHOSPHO,SKM-GN,male,8w,0.141833280576415,1,0.382377834190995,0.902012743806008,0.347833079577188,S602 iso2 (rat),~S616,CDK1-like,Male,FALSE,
XP_006248784.1_S602s,PHOSPHO,SKM-GN,female,1w,-0.503138532656655,1,0.0151183445443051,-2.78243984117235,0.347833079577188,S602 iso2 (rat),~S616,CDK1-like,Female,FALSE,
XP_006248784.1_S602s,PHOSPHO,SKM-GN,female,2w,-0.118750580327715,1,0.522428882384373,-0.65671047717518,0.347833079577188,S602 iso2 (rat),~S616,CDK1-like,Female,FALSE,
XP_006248784.1_S602s,PHOSPHO,SKM-GN,female,4w,-0.273392686773816,1,0.153658804941837,-1.51190706851253,0.347833079577188,S602 iso2 (rat),~S616,CDK1-like,Female,FALSE,
XP_006248784.1_S602s,PHOSPHO,SKM-GN,female,8w,-0.333979723494983,1,0.0868322151872604,-1.84696346727694,0.347833079577188,S602 iso2 (rat),~S616,CDK1-like,Female,FALSE,
XP_008767065.1_S574s,PHOSPHO,SKM-GN,male,1w,0.13601234047385,1,0.474948931410457,0.73586234209693,0.741606511583679,NA,NA,NA,Male,FALSE,
XP_008767065.1_S574s,PHOSPHO,SKM-GN,male,2w,0.286426392124256,1,0.145342572677161,1.54964170907309,0.741606511583679,NA,NA,NA,Male,FALSE,
XP_008767065.1_S574s,PHOSPHO,SKM-GN,male,4w,0.248893041656136,1,0.201240662232995,1.34657646450784,0.741606511583679,NA,NA,NA,Male,FALSE,
XP_008767065.1_S574s,PHOSPHO,SKM-GN,male,8w,0.326261407448677,1,0.138516067235992,1.57880670925612,0.741606511583679,NA,NA,NA,Male,FALSE,
XP_008767065.1_S574s,PHOSPHO,SKM-GN,female,1w,-0.203392690780574,1,0.30385871776719,-1.06606603889274,0.741606511583679,NA,NA,NA,Female,FALSE,
XP_008767065.1_S574s,PHOSPHO,SKM-GN,female,2w,-0.144507353786795,1,0.460953019420266,-0.75742339437634,0.741606511583679,NA,NA,NA,Female,FALSE,
XP_008767065.1_S574s,PHOSPHO,SKM-GN,female,4w,-0.0690651014749898,1,0.72258462477079,-0.361999041718757,0.741606511583679,NA,NA,NA,Female,FALSE,
XP_008767065.1_S574s,PHOSPHO,SKM-GN,female,8w,-0.00469915343817497,1,0.980686353330635,-0.0246302257606144,0.741606511583679,NA,NA,NA,Female,FALSE,
XP_008767065.1_S624s,PHOSPHO,SKM-GN,male,1w,0.323975202776278,1,0.0585468798272991,2.0603751136102,0.345681008112163,NA,NA,NA,Male,FALSE,
XP_008767065.1_S624s,PHOSPHO,SKM-GN,male,2w,-0.0564404257657959,1,0.72501884583122,-0.358942436497873,0.345681008112163,NA,NA,NA,Male,FALSE,
XP_008767065.1_S624s,PHOSPHO,SKM-GN,male,4w,0.0554902155755397,1,0.729445332163901,0.352899414032186,0.345681008112163,NA,NA,NA,Male,FALSE,
XP_008767065.1_S624s,PHOSPHO,SKM-GN,male,8w,0.141833280576415,1,0.382377834190995,0.902012743806008,0.345681008112163,NA,NA,NA,Male,FALSE,
XP_008767065.1_S624s,PHOSPHO,SKM-GN,female,1w,-0.503138532656655,1,0.0151183445443051,-2.78243984117235,0.345681008112163,NA,NA,NA,Female,FALSE,
XP_008767065.1_S624s,PHOSPHO,SKM-GN,female,2w,-0.118750580327715,1,0.522428882384373,-0.65671047717518,0.345681008112163,NA,NA,NA,Female,FALSE,
XP_008767065.1_S624s,PHOSPHO,SKM-GN,female,4w,-0.273392686773816,1,0.153658804941837,-1.51190706851253,0.345681008112163,NA,NA,NA,Female,FALSE,
XP_008767065.1_S624s,PHOSPHO,SKM-GN,female,8w,-0.333979723494983,1,0.0868322151872604,-1.84696346727694,0.345681008112163,NA,NA,NA,Female,FALSE,
XP_006248777.1_S641s,PHOSPHO,WAT-SC,male,1w,0.0843037186849905,1,0.529169746760112,0.636916394006494,1,S641 (rat),S637,PKA,Male,TRUE,
XP_006248777.1_S641s,PHOSPHO,WAT-SC,male,2w,0.0440528430241032,1,0.741661372307118,0.332820169291553,1,S641 (rat),S637,PKA,Male,TRUE,
XP_006248777.1_S641s,PHOSPHO,WAT-SC,male,4w,0.0913243964130698,1,0.49569927827754,0.689957764088382,1,S641 (rat),S637,PKA,Male,TRUE,
XP_006248777.1_S641s,PHOSPHO,WAT-SC,male,8w,0.117957777514123,1,0.380162220805854,0.891173526757982,1,S641 (rat),S637,PKA,Male,TRUE,
XP_006248777.1_S641s,PHOSPHO,WAT-SC,female,1w,-0.0443982579943809,1,0.688233191420146,-0.405452908899548,1,S641 (rat),S637,PKA,Female,TRUE,
XP_006248777.1_S641s,PHOSPHO,WAT-SC,female,2w,0.0118720585023604,1,0.914439282265443,0.108417781954797,1,S641 (rat),S637,PKA,Female,TRUE,
XP_006248777.1_S641s,PHOSPHO,WAT-SC,female,4w,-0.0249607758094529,1,0.821348185212008,-0.227946311803788,1,S641 (rat),S637,PKA,Female,TRUE,
XP_006248777.1_S641s,PHOSPHO,WAT-SC,female,8w,0.126787815279948,1,0.25672927058967,1.15784922293076,1,S641 (rat),S637,PKA,Female,TRUE,
XP_006248784.1_S602s,PHOSPHO,WAT-SC,male,1w,0.0843037186849905,1,0.529169746760112,0.636916394006494,1,S602 iso2 (rat),~S616,CDK1-like,Male,FALSE,
XP_006248784.1_S602s,PHOSPHO,WAT-SC,male,2w,0.0440528430241032,1,0.741661372307118,0.332820169291553,1,S602 iso2 (rat),~S616,CDK1-like,Male,FALSE,
XP_006248784.1_S602s,PHOSPHO,WAT-SC,male,4w,0.0913243964130698,1,0.49569927827754,0.689957764088382,1,S602 iso2 (rat),~S616,CDK1-like,Male,FALSE,
XP_006248784.1_S602s,PHOSPHO,WAT-SC,male,8w,0.117957777514123,1,0.380162220805854,0.891173526757982,1,S602 iso2 (rat),~S616,CDK1-like,Male,FALSE,
XP_006248784.1_S602s,PHOSPHO,WAT-SC,female,1w,-0.0443982579943809,1,0.688233191420146,-0.405452908899548,1,S602 iso2 (rat),~S616,CDK1-like,Female,FALSE,
XP_006248784.1_S602s,PHOSPHO,WAT-SC,female,2w,0.0118720585023604,1,0.914439282265443,0.108417781954797,1,S602 iso2 (rat),~S616,CDK1-like,Female,FALSE,
XP_006248784.1_S602s,PHOSPHO,WAT-SC,female,4w,-0.0249607758094529,1,0.821348185212008,-0.227946311803788,1,S602 iso2 (rat),~S616,CDK1-like,Female,FALSE,
XP_006248784.1_S602s,PHOSPHO,WAT-SC,female,8w,0.126787815279948,1,0.25672927058967,1.15784922293076,1,S602 iso2 (rat),~S616,CDK1-like,Female,FALSE,
XP_006248786.1_S585s,PHOSPHO,WAT-SC,male,1w,0.0843037186849905,1,0.529169746760112,0.636916394006494,1,S585 iso4,~S602,unknown,Male,FALSE,
XP_006248786.1_S585s,PHOSPHO,WAT-SC,male,2w,0.0440528430241032,1,0.741661372307118,0.332820169291553,1,S585 iso4,~S602,unknown,Male,FALSE,
XP_006248786.1_S585s,PHOSPHO,WAT-SC,male,4w,0.0913243964130698,1,0.49569927827754,0.689957764088382,1,S585 iso4,~S602,unknown,Male,FALSE,
XP_006248786.1_S585s,PHOSPHO,WAT-SC,male,8w,0.117957777514123,1,0.380162220805854,0.891173526757982,1,S585 iso4,~S602,unknown,Male,FALSE,
XP_006248786.1_S585s,PHOSPHO,WAT-SC,female,1w,-0.0443982579943809,1,0.688233191420146,-0.405452908899548,1,S585 iso4,~S602,unknown,Female,FALSE,
XP_006248786.1_S585s,PHOSPHO,WAT-SC,female,2w,0.0118720585023604,1,0.914439282265443,0.108417781954797,1,S585 iso4,~S602,unknown,Female,FALSE,
XP_006248786.1_S585s,PHOSPHO,WAT-SC,female,4w,-0.0249607758094529,1,0.821348185212008,-0.227946311803788,1,S585 iso4,~S602,unknown,Female,FALSE,
XP_006248786.1_S585s,PHOSPHO,WAT-SC,female,8w,0.126787815279948,1,0.25672927058967,1.15784922293076,1,S585 iso4,~S602,unknown,Female,FALSE,
