gene_symbol,framework_category,feature_ID,ensembl_gene,assay,tissue,sex,comparison_group,logFC,adj_p_value,p_value,selection_fdr,tscore,shrunk_logFC,zscore
Atp5f1a,atp_synthase,ENSRNOG00000017032,ENSRNOG00000017032,TRNSCRPT,BAT,male,8w,-0.853903687887038,5.32793163760158e-7,1.92958463791491e-11,9.14448991564708e-9,NA,-0.805071173287056,-6.7112543176039
Atp5f1a,atp_synthase,NP_075581.1,ENSRNOG00000017032,PROT,SKM-GN,female,8w,0.659671585152824,5.92836255962533e-4,7.09494112276228e-9,7.33275675585456e-6,8.42014475528714,NA,NA
Atp5f1b,atp_synthase,ENSRNOG00000002840,ENSRNOG00000002840,TRNSCRPT,BLOOD,male,8w,1.38423194344344,7.23131597920371e-13,9.33057153546457e-18,4.26220632291591e-13,NA,1.27719731942024,8.58191606515919
Atp5f1b,atp_synthase,ENSRNOG00000002840,ENSRNOG00000002840,TRNSCRPT,BAT,male,8w,-0.88133842635025506,9.81451914495549e-9,2.4118554558094e-13,6.48448435397038e-10,NA,-0.836910109536524,-7.32372229319157
Atp5f1b,atp_synthase,ENSRNOG00000002840,ENSRNOG00000002840,TRNSCRPT,BLOOD,male,1w,0.791914362575007,5.84434040862812e-5,3.6128035077923e-9,4.26220632291591e-13,NA,0.676924297451877,5.90101121218547
Atp5f1b,atp_synthase,ENSRNOG00000002840,ENSRNOG00000002840,TRNSCRPT,BLOOD,male,2w,0.971543125313204,1.20734941257807e-4,8.2070038715352e-9,4.26220632291591e-13,NA,0.832940314603603,5.764150742949
Atp5f1b,atp_synthase,NP_599191.1,ENSRNOG00000002840,PROT,SKM-GN,female,8w,0.613342041260307,0.00548149804077749,1.7369469407637e-7,2.95701644692922e-5,7.06761809468629,NA,NA
Atp5f1b,atp_synthase,NP_599191.1_K485k,ENSRNOG00000002840,ACETYL,LIVER,male,8w,0.450773507939916,0.0498264487897756,5.57516302986828e-6,0.00122199916434835,5.9002542851401,NA,NA
Atp5f1c,atp_synthase,ENSRNOG00000019223,ENSRNOG00000019223,TRNSCRPT,BAT,male,8w,-0.620312146731145,3.62257612737531e-4,2.85976803731061e-8,5.74530834218225e-5,NA,-0.586033718783732,-5.54981209391777
Atp5f1c,atp_synthase,NP_446277.1_K55k,ENSRNOG00000019223,ACETYL,LIVER,male,8w,0.81309702984387,0.010801825293475,4.41271913957598e-7,1.30594866358979e-4,6.9960625889684,NA,NA
Atp5f1c,atp_synthase,NP_446277.1,ENSRNOG00000019223,PROT,SKM-GN,female,8w,0.608585659901265,0.0191969521290635,1.02079940239957e-6,9.6797734444773e-4,6.35708973559894,NA,NA
Atp5f1c,atp_synthase,NP_446277.1_K43k,ENSRNOG00000019223,ACETYL,LIVER,male,8w,0.570516214981971,0.0236813191102221,1.57874114466712e-6,4.19964792001522e-4,6.43754252072262,NA,NA
Atp5f1d,atp_synthase,ENSRNOG00000014625,ENSRNOG00000014625,TRNSCRPT,BAT,male,8w,-0.720994125197528,6.58102066127375e-6,3.09167616306972e-10,2.23019129760265e-7,NA,-0.684076597810718,-6.29411046082024
Atp5f1d,atp_synthase,XP_006240907.1,ENSRNOG00000014625,PROT,SKM-GN,female,8w,0.56806176438421,0.00119227859260891,1.87705693978528e-8,7.93915864344741e-6,7.99781902851127,NA,NA
Atp5f1e,atp_synthase,ENSRNOG00000049912,ENSRNOG00000049912,TRNSCRPT,BAT,male,8w,-1.00129958154601,1.09694566210869e-6,4.29526525165709e-11,5.08754597258499e-6,NA,-0.929895252877766,-6.59351735259329
Atp5mc1,atp_synthase,ENSRNOG00000007235,ENSRNOG00000007235,TRNSCRPT,SKM-VL,female,8w,0.462450088212449,6.37455536249057e-4,5.4995961238518e-8,1.04261672642031e-6,NA,0.397917633212054,5.43435187079785
Atp5mc1,atp_synthase,ENSRNOG00000007235,ENSRNOG00000007235,TRNSCRPT,SKM-GN,male,8w,0.346527558203015,0.00177003794582003,1.8032279173082e-7,3.38253087291207e-5,NA,0.283819718767202,5.21855668608978
Atp5mc3,atp_synthase,ENSRNOG00000001596,ENSRNOG00000001596,TRNSCRPT,SKM-VL,female,8w,0.337473908403453,0.0192202361173097,3.15296690456226e-6,9.14173692145307e-5,NA,0.279383413677919,4.66059493476716
Atp5mc3,atp_synthase,ENSRNOG00000001596,ENSRNOG00000001596,TRNSCRPT,HEART,female,2w,-0.125243301560079,0.0254792493091077,4.46887968365007e-6,0.00120813591496596,NA,-0.0981598463477596,-4.58829167244462
Atp5mc3,atp_synthase,ENSRNOG00000001596,ENSRNOG00000001596,TRNSCRPT,SKM-VL,female,4w,0.445469298041699,0.0282180504454202,5.07270746625569e-6,9.14173692145307e-5,NA,0.361549754037319,4.56175808029664
Atp5pb,atp_synthase,ENSRNOG00000016000,ENSRNOG00000016000,TRNSCRPT,BAT,male,8w,-0.733365202630214,4.0652271281904e-5,2.38783325290437e-9,1.58001303270309e-6,NA,-0.690596005478055,-5.96895132718462
Atp5pb,atp_synthase,ENSRNOG00000046299,ENSRNOG00000046299,TRNSCRPT,BAT,male,8w,-0.733365202630214,4.0652271281904e-5,2.38783325290437e-9,1.58001303270309e-6,NA,-0.690596005478055,-5.96895132718462
Atp5pb,atp_synthase,ENSRNOG00000016000,ENSRNOG00000016000,TRNSCRPT,BLOOD,male,8w,0.859138152123477,6.44862792371723e-4,5.57863011589224e-8,4.42149838238648e-5,NA,0.788273313076659,5.43180680501689
Atp5pb,atp_synthase,ENSRNOG00000046299,ENSRNOG00000046299,TRNSCRPT,BLOOD,male,8w,0.859138152123477,6.44862792371723e-4,5.57863011589224e-8,4.42149838238648e-5,NA,0.788273313076659,5.43180680501689
Atp5po,atp_synthase,ENSRNOG00000001991,ENSRNOG00000001991,TRNSCRPT,BAT,male,8w,-0.850270289210127,1.02470984023919e-6,3.98458102366973e-11,4.83694406421778e-7,NA,-0.800408638915758,-6.60464980777885
Atp5po,atp_synthase,NP_620238.1,ENSRNOG00000001991,PROT,SKM-GN,female,8w,0.512944805862524,0.00344120322559514,9.03231339958628e-8,2.12565342360828e-6,7.33624825928611,NA,NA
Atp5po,atp_synthase,ENSRNOG00000001991,ENSRNOG00000001991,TRNSCRPT,BLOOD,male,8w,0.904510060533116,0.00893098031236716,1.23722091328662e-6,0.00258311341292882,NA,0.80430843594523,4.84958171917787
Atp5po,atp_synthase,NP_620238.1_K204k,ENSRNOG00000001991,ACETYL,LIVER,male,8w,1.14512157173081,0.0151918378552324,7.68957273335259e-7,2.35391041053024e-4,6.75060283751519,NA,NA
Atp5po,atp_synthase,ENSRNOG00000001991,ENSRNOG00000001991,TRNSCRPT,SKM-VL,female,8w,0.302398475761578,0.0365071037803935,7.05678523801853e-6,6.84462137734658e-4,NA,0.248252018481337,4.4919685317491
Atp5po,atp_synthase,NP_620238.1_K192k,ENSRNOG00000001991,ACETYL,LIVER,male,8w,0.467643995326417,0.0434468777630826,4.57656321823963e-6,0.00126473275886055,5.98340464425597,NA,NA
Acadl,beta_ox,ENSRNOG00000012966,ENSRNOG00000012966,TRNSCRPT,BAT,male,8w,-1.05401391802598,5.02282566488709e-6,2.30221200490303e-10,6.89002359354998e-8,NA,-0.969309311133959,-6.33969450497736
Acadl,beta_ox,ENSRNOG00000012966,ENSRNOG00000012966,TRNSCRPT,ADRNL,male,1w,1.88365125184624,0.00684996735941267,9.00122623871906e-7,7.90521226486981e-8,NA,1.6824314938595,4.91230418334582
Acadm,beta_ox,ENSRNOG00000009845,ENSRNOG00000009845,TRNSCRPT,BAT,male,8w,-1.31075952643525,7.0934140643106e-10,1.46234171265039e-14,7.11055978543877e-14,NA,-1.23688382247782,-7.69078571952457
Acadm,beta_ox,NP_058682.2,ENSRNOG00000009845,PROT,SKM-GN,female,8w,0.51621642972093,0.00240234106242642,5.03137576198224e-8,7.3591604609002e-6,7.57985557130295,NA,NA
Acadm,beta_ox,ENSRNOG00000009845,ENSRNOG00000009845,TRNSCRPT,ADRNL,male,1w,1.84537717253103,0.00335067526784155,3.83896349839521e-7,1.43396548556489e-8,NA,1.6629215126569,5.07677434249375
Acadm,beta_ox,NP_058682.2_K418k,ENSRNOG00000009845,ACETYL,LIVER,male,8w,1.38100024500172,0.0326303820350347,2.65600747439896e-6,5.28546866786656e-4,6.6439693524762,NA,NA
Acadvl,beta_ox,ENSRNOG00000018114,ENSRNOG00000018114,TRNSCRPT,BAT,male,8w,-0.967927349893746,2.80035932937898e-4,2.13924103558132e-8,7.59969149817091e-6,NA,-0.876954709574224,-5.60034622566448
Acadvl,beta_ox,NP_037023.1_K550k,ENSRNOG00000018114,ACETYL,HEART,male,2w,0.53234204243734,0.00262525220078746,3.80600998641436e-8,1.06153538225557e-5,8.15741259325985,NA,NA
Acadvl,beta_ox,NP_037023.1,ENSRNOG00000018114,PROT,SKM-GN,female,8w,0.462330556694476,0.00316215451495974,8.08485628747548e-8,7.04353077410944e-6,7.38214432897589,NA,NA
Acadvl,beta_ox,NP_037023.1_K200k,ENSRNOG00000018114,ACETYL,HEART,male,2w,0.506852023831629,0.00494872502711554,1.22822340307712e-7,8.52729925654966e-4,7.6034652037377,NA,NA
Acadvl,beta_ox,ENSRNOG00000018114,ENSRNOG00000018114,TRNSCRPT,SKM-VL,female,4w,0.587961681115011,0.0118806985660995,1.75315712547786e-6,0.00105177496515433,NA,0.468259384992815,4.77997646919665
Acadvl,beta_ox,ENSRNOG00000018114,ENSRNOG00000018114,TRNSCRPT,ADRNL,male,1w,1.53376688982196,0.0180826827354864,2.92871712171978e-6,3.98902457213142e-8,NA,1.36836067164834,4.67575667021522
Acadvl,beta_ox,NP_037023.1_K127k,ENSRNOG00000018114,ACETYL,HEART,male,2w,0.430359946605303,0.0181827862716498,1.02805955938752e-6,2.01778848101917e-4,6.6443815788738,NA,NA
Acadvl,beta_ox,NP_037023.1_K550k,ENSRNOG00000018114,ACETYL,HEART,male,8w,0.451235064185855,0.0186846678255042,1.08633677104795e-6,1.06153538225557e-5,6.62018646667525,NA,NA
Acadvl,beta_ox,NP_037023.1_K195k,ENSRNOG00000018114,ACETYL,HEART,male,2w,0.439842987020798,0.0239520446917445,1.62828755056586e-6,0.00294851727405609,6.44355902412663,NA,NA
Cpt1a,beta_ox,ENSRNOG00000014254,ENSRNOG00000014254,TRNSCRPT,ADRNL,female,2w,0.660266241922653,0.00393297173739026,4.6295249098233e-7,4.45325520522618e-4,NA,0.606110298502363,5.04106321624062
Cpt1b,beta_ox,ENSRNOG00000010438,ENSRNOG00000010438,TRNSCRPT,ADRNL,female,8w,-3.32585940846488,0.0406959245096625,8.10548994688498e-6,5.06644305750473e-7,NA,-2.77280323640902,-4.46237847241168
Cpt1b,beta_ox,ENSRNOG00000010438,ENSRNOG00000010438,TRNSCRPT,BAT,male,8w,-0.705263376898506,0.0496023770867964,1.04090490017616e-5,0.00157441819026645,NA,-0.63086093899546,-4.40849694176211
Cpt2,beta_ox,ENSRNOG00000012443,ENSRNOG00000012443,TRNSCRPT,BAT,male,8w,-1.16077280770152,1.89468360078381e-7,6.12844707792894e-12,7.33761454153174e-10,NA,-1.07680608077667,-6.87663125335302
Cpt2,beta_ox,NP_037062.1,ENSRNOG00000012443,PROT,KIDNEY,male,8w,-0.279720782330011,0.00831643749435828,2.97457171585619e-7,1.27620692174305e-4,-6.71812448378704,NA,NA
Hadha,beta_ox,ENSRNOG00000024629,ENSRNOG00000024629,TRNSCRPT,BAT,male,8w,-0.912255526598478,9.33460517668838e-6,4.58510194634818e-10,2.057465313406e-7,NA,-0.84684673957959,-6.23268410099965
Hadha,beta_ox,NP_570839.2,ENSRNOG00000024629,PROT,KIDNEY,male,8w,-0.277718997040547,0.00424330616657796,1.1772424225388e-7,7.60679014527387e-4,-7.07822026859811,NA,NA
Hadha,beta_ox,ENSRNOG00000024629,ENSRNOG00000024629,TRNSCRPT,BLOOD,male,8w,0.976310896046655,0.0212450878283246,3.56300850392286e-6,0.00710677910163202,NA,0.843773943386863,4.63536926773202
Hadhb,beta_ox,ENSRNOG00000010800,ENSRNOG00000010800,TRNSCRPT,BAT,male,8w,-0.971264515451867,3.12289772466556e-6,1.35903265996016e-10,1.82062580609465e-9,NA,-0.90060206459052,-6.42041508075528
Hadhb,beta_ox,ENSRNOG00000010800,ENSRNOG00000010800,TRNSCRPT,ADRNL,male,1w,1.58220820809718,0.0127429270312904,1.90804335333832e-6,2.02976363881328e-8,NA,1.41519985823792,4.76292757692106
Cycs,cyt_c,ENSRNOG00000010452,ENSRNOG00000010452,TRNSCRPT,SKM-VL,female,8w,0.396975155804282,1.03099384028443e-6,4.01203972918614e-11,3.84183204840195e-9,NA,0.363312927887661,6.60363227972153
Cycs,cyt_c,ENSRNOG00000010452,ENSRNOG00000010452,TRNSCRPT,BAT,male,8w,-0.817220216914749,1.12720510901388e-4,7.59610928693727e-9,1.5696623280953e-5,NA,-0.758318077073858,-5.77718424308976
Cycs,cyt_c,ENSRNOG00000032885,ENSRNOG00000032885,TRNSCRPT,ADRNL,female,8w,-1.81547608239814,0.00970594990881919,1.36877181616786e-6,2.42033410863125e-9,NA,-1.6160093490141,-4.82949873853996
Cycs,cyt_c,ENSRNOG00000032885,ENSRNOG00000032885,TRNSCRPT,SKM-GN,male,4w,0.537627455636299,0.0103943622242643,1.48780113706749e-6,0.00152649069363037,NA,0.37712153570721,4.81286726220864
Cycs,cyt_c,ENSRNOG00000032885,ENSRNOG00000032885,TRNSCRPT,SKM-GN,male,2w,0.577131414451357,0.0226770299836713,3.86500456705042e-6,0.00152649069363037,NA,0.423528240534633,4.61851263117596
Cycs,cyt_c,ENSRNOG00000032885,ENSRNOG00000032885,TRNSCRPT,SKM-GN,male,1w,0.544986875287269,0.0260610102741163,4.60225025167123e-6,0.00152649069363037,NA,0.268808615764926,4.58214752398106
Ndufa10,ets_CI,ENSRNOG00000016470,ENSRNOG00000016470,TRNSCRPT,BAT,male,8w,-0.959433205360879,4.61736609371006e-7,1.65328682535192e-11,1.04881103840104e-8,NA,-0.896522963686848,-6.73376451066649
Ndufa9,ets_CI,ENSRNOG00000061684,ENSRNOG00000061684,TRNSCRPT,BAT,male,8w,-0.84677529324062,7.37529209811221e-5,4.70626467494389e-9,2.48433075983177e-6,NA,-0.784506029935626,-5.85723869858327
Ndufa9,ets_CI,NP_001094222.1_K179k,ENSRNOG00000061684,ACETYL,LIVER,male,8w,1.47803433589522,0.00262525220078746,3.77380032850236e-8,9.16896384768873e-5,10.4430903303197,NA,NA
Ndufa9,ets_CI,NP_001094222.1,ENSRNOG00000061684,PROT,SKM-GN,female,8w,0.518697789387156,0.0330215650945751,2.16459205153182e-6,1.72103871818804e-4,6.06198536788364,NA,NA
Ndufb8,ets_CI,ENSRNOG00000014078,ENSRNOG00000014078,TRNSCRPT,BAT,male,8w,-0.941724107413964,1.74044969000094e-7,5.55811572862459e-12,1.86473019841933e-7,NA,-0.883846815303531,-6.89053958456886
Ndufb8,ets_CI,ENSRNOG00000014078,ENSRNOG00000014078,TRNSCRPT,BLOOD,male,8w,1.12619161460547,2.68469521586409e-7,9.00656618655657e-12,1.10492869555821e-7,NA,1.03141873711044,6.82154641059047
Ndufb8,ets_CI,ENSRNOG00000014078,ENSRNOG00000014078,TRNSCRPT,BLOOD,male,1w,0.65295263968675,0.0134493670871199,2.03945729872114e-6,1.10492869555821e-7,NA,0.553283386369726,4.74947467860695
Ndufs1,ets_CI,ENSRNOG00000011849,ENSRNOG00000011849,TRNSCRPT,BAT,male,8w,-0.900576041891079,1.15732126726559e-6,4.56472322381755e-11,5.6214418496024e-8,NA,-0.843345873170633,-6.58448255342086
Ndufs1,ets_CI,NP_001005550.1,ENSRNOG00000011849,PROT,SKM-GN,female,8w,0.529477434362653,5.85387220180198e-4,6.84657005106691e-9,5.27433668398823e-6,8.43581048707599,NA,NA
Ndufs1,ets_CI,ENSRNOG00000011849,ENSRNOG00000011849,TRNSCRPT,HEART,female,8w,0.143467481108863,0.0308944255289733,5.6795852864465e-6,0.00803602475079554,NA,0.115420195916058,4.53797922939866
Ndufs1,ets_CI,ENSRNOG00000011849,ENSRNOG00000011849,TRNSCRPT,ADRNL,male,1w,1.09893292331814,0.0381269218311282,7.4463630179861e-6,7.95204059388717e-6,NA,0.998900423389644,4.48051361275253
Ndufs2,ets_CI,ENSRNOG00000038372,ENSRNOG00000038372,TRNSCRPT,BAT,male,8w,-0.978592191159683,3.35594497980156e-8,9.13273886173591e-13,2.03662431474375e-9,NA,-0.920055110914545,-7.14298230240743
Ndufs2,ets_CI,NP_001011907.1,ENSRNOG00000038372,PROT,SKM-GN,female,8w,0.474817774125746,0.0117633346090866,4.89534433365094e-7,5.25038318030774e-5,6.64912245174242,NA,NA
Ndufs3,ets_CI,ENSRNOG00000009155,ENSRNOG00000009155,TRNSCRPT,BAT,male,8w,-0.864091643423782,6.08085930982391e-5,3.77862804584555e-9,1.00926356738805e-5,NA,-0.799638370973548,-5.89360368920111
Ndufs3,ets_CI,ENSRNOG00000009155,ENSRNOG00000009155,TRNSCRPT,ADRNL,male,1w,1.15128000417923,0.0237976938761127,4.10625361473201e-6,6.58280813065616e-6,NA,1.05086741780256,4.60593058425728
Ndufs7,ets_CI,ENSRNOG00000024568,ENSRNOG00000024568,TRNSCRPT,BAT,male,8w,-0.699256041201502,0.00276277355981312,3.05034177937867e-7,0.00127507193083144,NA,-0.646598421816966,-5.1203097714469
Ndufs8,ets_CI,ENSRNOG00000017446,ENSRNOG00000017446,TRNSCRPT,BAT,male,8w,-1.04121590597764,5.38042222825186e-6,2.48548088223285e-10,7.84537579874448e-7,NA,-0.958058423775968,-6.32788262074179
Ndufv1,ets_CI,ENSRNOG00000018117,ENSRNOG00000018117,TRNSCRPT,BAT,male,8w,-0.996854020300958,9.96906624482401e-7,3.85600429509184e-11,5.33440677585201e-9,NA,-0.926397484663907,-6.60950759835602
Ndufv1,ets_CI,NP_001006973.1,ENSRNOG00000018117,PROT,SKM-GN,female,8w,0.491545659095437,0.0218758133708049,1.21382405684018e-6,2.61014055506536e-4,6.2887892829621,NA,NA
Ndufv1,ets_CI,ENSRNOG00000018117,ENSRNOG00000018117,TRNSCRPT,ADRNL,male,1w,1.32042989844756,0.0368836224426455,7.15054190984771e-6,4.12755775298236e-7,NA,1.18045398162316,4.48915748931129
Ndufv2,ets_CI,ENSRNOG00000042503,ENSRNOG00000042503,TRNSCRPT,BAT,male,8w,-0.877294427001827,1.12823939479813e-4,7.60969635053786e-9,2.18279083611841e-5,NA,-0.807966314668359,-5.77688343911455
Ndufv2,ets_CI,NP_112326.1,ENSRNOG00000042503,PROT,SKM-GN,female,8w,0.46847184625889,0.0180662702439058,9.17798291353783e-7,1.94754228689642e-5,6.39913143235479,NA,NA
Ndufv2,ets_CI,ENSRNOG00000042503,ENSRNOG00000042503,TRNSCRPT,ADRNL,male,1w,1.05378707919055,0.0493213089574927,1.03318866720442e-5,4.38374812258235e-6,NA,0.955818294346964,4.41010844155445
Cyc1,ets_CIII,ENSRNOG00000012457,ENSRNOG00000012457,TRNSCRPT,BAT,male,8w,-0.9126200607848,3.59411586338767e-7,1.25739216111529e-11,6.79658261706689e-8,NA,-0.856774106349287,-6.77345900572769
Uqcrb,ets_CIII,ENSRNOG00000032204,ENSRNOG00000032204,TRNSCRPT,BAT,male,8w,-1.06984293707349,6.19667308253984e-10,1.26657115845569e-14,1.41075227491206e-9,NA,-1.01022819693573,-7.7091513704758
Uqcrb,ets_CIII,ENSRNOG00000024967,ENSRNOG00000024967,TRNSCRPT,BAT,male,8w,-1.11908715390529,1.28000051467469e-8,3.23185246769348e-13,5.76292229858437e-10,NA,-1.04771738731972,-7.28436653283537
Uqcrb,ets_CIII,ENSRNOG00000032204,ENSRNOG00000032204,TRNSCRPT,ADRNL,male,1w,1.51047546233203,0.0116052951468925,1.70162722659821e-6,6.2006896958217e-8,NA,1.35788656221864,4.78597088805412
Uqcrb,ets_CIII,ENSRNOG00000024967,ENSRNOG00000024967,TRNSCRPT,ADRNL,male,1w,1.47547434606683,0.0222268220608009,3.77067383651141e-6,1.24489363570811e-7,NA,1.3166579854097,4.62363816379935
Uqcrc1,ets_CIII,ENSRNOG00000032134,ENSRNOG00000032134,TRNSCRPT,BAT,male,8w,-1.04921726334459,1.50345031407201e-6,6.10187633651606e-11,9.70785696026957e-9,NA,-0.970079809470089,-6.54122055675928
Uqcrc1,ets_CIII,ENSRNOG00000032134,ENSRNOG00000032134,TRNSCRPT,ADRNL,male,1w,1.16644961925326,0.042940907609823,8.69381178502463e-6,1.92506183156005e-6,NA,1.05228780026536,4.44734507544793
Uqcrc2,ets_CIII,ENSRNOG00000036742,ENSRNOG00000036742,TRNSCRPT,BAT,male,8w,-0.883506513630525,2.48619933227787e-4,1.86425323346162e-8,1.78946789645079e-5,NA,-0.809343935540361,-5.62414841450944
Uqcrc2,ets_CIII,ENSRNOG00000036742,ENSRNOG00000036742,TRNSCRPT,ADRNL,male,1w,0.946166252053627,0.0369170335083706,7.1603191514383e-6,8.68334519247894e-6,NA,0.868561372711145,4.48886637748578
Uqcrfs1,ets_CIII,ENSRNOG00000018281,ENSRNOG00000018281,TRNSCRPT,BAT,male,8w,-0.862624003407674,4.65114526357885e-8,1.29302366183749e-12,4.16175192117608e-10,NA,-0.817694291226161,-7.09505252594595
Uqcrfs1,ets_CIII,ENSRNOG00000018281,ENSRNOG00000018281,TRNSCRPT,ADRNL,male,1w,1.26478246528697,0.0243844979196162,4.23038812795356e-6,1.49923819283806e-6,NA,1.14398110930787,4.59973003639858
Cox4i1,ets_CIV,ENSRNOG00000017817,ENSRNOG00000017817,TRNSCRPT,BLOOD,male,8w,1.17698744654819,1.31089564823856e-10,2.42953651959691e-15,3.22393961029899e-11,NA,1.09641245282001,7.91718217445412
Cox4i1,ets_CIV,ENSRNOG00000017817,ENSRNOG00000017817,TRNSCRPT,BAT,male,8w,-0.770995194551213,8.67584317692057e-4,7.82339115693315e-8,1.15032701908411e-4,NA,-0.711527829798118,-5.37115503400587
Cox4i1,ets_CIV,ENSRNOG00000017817,ENSRNOG00000017817,TRNSCRPT,ADRNL,male,1w,1.08278442409618,0.0444418366343637,9.06676236965818e-6,1.34536226015153e-6,NA,0.982314965007885,4.43831082377549
Cox5a,ets_CIV,ENSRNOG00000018816,ENSRNOG00000018816,TRNSCRPT,BAT,male,8w,-0.789214958913107,1.53509853721426e-9,3.33022709303155e-14,1.28196024762065e-9,NA,-0.757345955879907,-7.58479128368271
Cox5a,ets_CIV,ENSRNOG00000018816,ENSRNOG00000018816,TRNSCRPT,BLOOD,male,8w,0.765601796763132,0.0188025388394806,3.07121288492826e-6,7.11230305790197e-6,NA,0.695633224684838,4.6659989361895
Cox5a,ets_CIV,ENSRNOG00000018816,ENSRNOG00000018816,TRNSCRPT,ADRNL,male,1w,1.46452584726422,0.044239289442803,9.01137426362809e-6,3.21811223099131e-7,NA,1.29045863414715,4.43962982273154
Cox5a,ets_CIV,NP_665726.1,ENSRNOG00000018816,PROT,SKM-GN,female,8w,0.577011526073591,0.0486026161044515,3.85430783327932e-6,0.00355195436398398,5.83761394680451,NA,NA
Cox5b,ets_CIV,ENSRNOG00000016660,ENSRNOG00000016660,TRNSCRPT,BAT,male,8w,-0.884500834458928,2.75485883830932e-6,1.18271106063531e-10,1.10830011133693e-6,NA,-0.827193651769548,-6.44153507775077
Cox5b,ets_CIV,NP_446038.1,ENSRNOG00000016660,PROT,SKM-GN,female,8w,0.62659210797505,0.0083090425721077,2.96062664429411e-7,0.00117792047608479,6.85118961578886,NA,NA
Cox6a1,ets_CIV,ENSRNOG00000001170,ENSRNOG00000001170,TRNSCRPT,BLOOD,male,8w,1.20058403778924,1.25092462617954e-10,2.28904306567186e-15,5.16254720438948e-11,NA,1.11575845964947,7.92458783312742
Cox6a1,ets_CIV,ENSRNOG00000001170,ENSRNOG00000001170,TRNSCRPT,BAT,male,8w,-0.884525729048425,0.00884221393615546,1.22207170728238e-6,1.93249979961532e-4,NA,-0.785373460535049,-4.85202506929568
Cox6a1,ets_CIV,ENSRNOG00000001170,ENSRNOG00000001170,TRNSCRPT,BLOOD,male,1w,0.579787079664188,0.0244622935773033,4.24460200353621e-6,5.16254720438948e-11,NA,0.502824855469959,4.59903120790079
Cox6a1,ets_CIV,ENSRNOG00000001170,ENSRNOG00000001170,TRNSCRPT,BLOOD,male,2w,0.717644437376293,0.0314763223724787,5.81794382002657e-6,5.16254720438948e-11,NA,0.613572379090303,4.53289972465205
Cox6b1,ets_CIV,ENSRNOG00000024309,ENSRNOG00000024309,TRNSCRPT,BAT,male,8w,-1.10716843305361,3.44442724377636e-10,6.82813254847785e-15,3.56868971130371e-11,NA,-1.04550677081793,-7.7876234302897
Cox6b1,ets_CIV,NP_001138745.1,ENSRNOG00000024309,PROT,SKM-GN,female,8w,0.665556046224349,1.347317510238e-4,9.52806399779009e-10,9.46061408875387e-11,9.32624750715038,NA,NA
Cox6b1,ets_CIV,NP_001138745.1,ENSRNOG00000034161,PROT,SKM-GN,female,8w,0.665556046224349,1.347317510238e-4,9.52806399779009e-10,9.46061408875387e-11,9.32624750715038,NA,NA
Cox6b1,ets_CIV,ENSRNOG00000024309,ENSRNOG00000024309,TRNSCRPT,SKM-GN,male,8w,0.319215664739787,8.06470299854124e-4,7.20134979424125e-8,3.30559668322478e-5,NA,0.268156157376212,5.38607356457932
Cox6b1,ets_CIV,NP_001138745.1,ENSRNOG00000024309,PROT,SKM-GN,female,4w,0.551306365434796,0.0018702271325031,3.56085063367068e-8,9.46061408875387e-11,7.72529923735264,NA,NA
Cox6b1,ets_CIV,NP_001138745.1,ENSRNOG00000034161,PROT,SKM-GN,female,4w,0.551306365434796,0.0018702271325031,3.56085063367068e-8,9.46061408875387e-11,7.72529923735264,NA,NA
Cox6b1,ets_CIV,ENSRNOG00000024309,ENSRNOG00000024309,TRNSCRPT,BLOOD,male,8w,0.914977448689767,0.00211864340858387,2.25342782872708e-7,4.88243399801227e-4,NA,0.823506270508201,5.17711544943588
Cox6b1,ets_CIV,NP_001138745.1,ENSRNOG00000024309,PROT,SKM-GN,male,8w,0.544975566853087,0.00315288045359682,7.82123458299492e-8,9.46061408875387e-11,7.31106867325745,NA,NA
Cox6b1,ets_CIV,NP_001138745.1,ENSRNOG00000034161,PROT,SKM-GN,male,8w,0.544975566853087,0.00315288045359682,7.82123458299492e-8,9.46061408875387e-11,7.31106867325745,NA,NA
Cox6b1,ets_CIV,ENSRNOG00000024309,ENSRNOG00000024309,TRNSCRPT,SKM-VL,female,8w,0.314558380738709,0.00600090212747122,7.63738184805035e-7,3.77141281045771e-5,NA,0.269110952154209,4.9444125418443
Cox6b1,ets_CIV,ENSRNOG00000024309,ENSRNOG00000024309,TRNSCRPT,ADRNL,male,1w,1.29138705885153,0.0488731850509303,1.02130319921303e-5,3.73369709277414e-7,NA,1.15031857088693,4.41261329415719
Cox7a2,ets_CIV,ENSRNOG00000042903,ENSRNOG00000042903,TRNSCRPT,BAT,male,8w,-1.25060307578383,8.79773500865351e-9,2.13073640691687e-13,3.80012067467609e-10,NA,-1.1711902766134,-7.34032636216388
Cox7a2,ets_CIV,ENSRNOG00000042903,ENSRNOG00000042903,TRNSCRPT,BLOOD,male,8w,0.96735490588403406,0.00523172418782578,6.49888756165898e-7,8.47947649148723e-4,NA,0.853601103174369,4.97576970714524
Cox7a2,ets_CIV,ENSRNOG00000042903,ENSRNOG00000042903,TRNSCRPT,ADRNL,male,1w,1.51136121640714,0.0125802650422006,1.87557123877953e-6,9.97590877384516e-8,NA,1.35717980105206,4.76638884703756
Cox7a2,ets_CIV,ENSRNOG00000042903,ENSRNOG00000042903,TRNSCRPT,SKM-VL,female,8w,0.343059899631674,0.0134446282169139,2.03716164245335e-6,8.91699597787339e-5,NA,0.286230394031357,4.74970245184284
Gclm,gsh,ENSRNOG00000013409,ENSRNOG00000013409,TRNSCRPT,BLOOD,male,8w,1.12287737007952,5.78503382331888e-5,3.57105249288008e-9,9.07550785413896e-7,NA,1.00006269799742,5.90292841630775
Gclm,gsh,ENSRNOG00000013409,ENSRNOG00000013409,TRNSCRPT,BLOOD,male,2w,0.93689727042484,0.0155451832885794,2.43066002910286e-6,9.07550785413896e-7,NA,0.754303779661196,4.71386142007718
Gclm,gsh,ENSRNOG00000013409,ENSRNOG00000013409,TRNSCRPT,BLOOD,male,1w,0.728534469371242,0.0240423374154787,4.15410679713319e-6,9.07550785413896e-7,NA,0.588127761130134,4.60351930017357
Gpx1,gsh,ENSRNOG00000048812,ENSRNOG00000048812,TRNSCRPT,BLOOD,male,8w,1.26901965778129,5.49421096794287e-5,3.37058468592039e-9,7.60539497047828e-7,NA,1.10060674035106,5.91244888181891
Gpx4,gsh,ENSRNOG00000013604,ENSRNOG00000013604,TRNSCRPT,BLOOD,male,8w,1.10170483647737,2.94678500060306e-7,9.95495179090499e-12,6.47754247882718e-9,NA,1.0119475760787,6.80715231867165
Gpx4,gsh,ENSRNOG00000013604,ENSRNOG00000013604,TRNSCRPT,BAT,male,8w,-0.748633626560826,1.12304196314043e-5,5.66122078433631e-10,4.37181495077858e-7,NA,-0.706995963823821,-6.19958507968538
Gpx4,gsh,ENSRNOG00000013604,ENSRNOG00000013604,TRNSCRPT,BLOOD,male,1w,0.661931264370789,0.00676714181969477,8.84565171306928e-7,6.47754247882718e-9,NA,0.564669776357216,4.91572051724156
Gpx4,gsh,ENSRNOG00000013604,ENSRNOG00000013604,TRNSCRPT,BLOOD,male,2w,0.763624451406728,0.0335883451062916,6.31765337016393e-6,6.47754247882718e-9,NA,0.642002333592588,4.51546985450015
Aldh1l2,nadph_other,ENSRNOG00000008586,ENSRNOG00000008586,TRNSCRPT,BLOOD,male,4w,-35.0658148474669,7.9788317492632e-8,2.34213333936149e-12,1,NA,-33.6624441550457,-7.01243042868735
Aldh1l2,nadph_other,ENSRNOG00000008586,ENSRNOG00000008586,TRNSCRPT,BLOOD,male,2w,-39.8096506602381,4.5703818309254e-4,3.72459677475854e-8,1,NA,-37.5138203389078,-5.50343604754859
Idh2,nadph_other,ENSRNOG00000013949,ENSRNOG00000013949,TRNSCRPT,BAT,male,8w,-0.59870214727461,0.033239618637839,6.23256613929493e-6,0.00415359229633986,NA,-0.547589415440257,-4.51834232196708
Idh2,nadph_other,ENSRNOG00000013949,ENSRNOG00000013949,TRNSCRPT,ADRNL,male,1w,1.10386327816738,0.0400346991654827,7.91523018324146e-6,1.459299227708e-6,NA,1.00207826006347,4.46746406558286
Me2,nadph_other,ENSRNOG00000015582,ENSRNOG00000015582,TRNSCRPT,ADRNL,female,2w,0.464593467114225,0.0476059323557665,9.88687851096614e-6,5.41616573566692e-4,NA,0.422196301796586,4.41963272472323
Dlat,pdh,NP_112287.1,ENSRNOG00000009994,PROT,SKM-GN,female,8w,0.473246764514404,0.00494133157171897,1.5120212079062e-7,3.16806803408829e-4,7.12428335913825,NA,NA
Dlat,pdh,ENSRNOG00000009994,ENSRNOG00000009994,TRNSCRPT,BAT,male,8w,-0.989816205301114,0.00649881020772658,8.42162864325375e-7,0.00140468429938069,NA,-0.868152212905246,-4.92533421528945
Dlat,pdh,ENSRNOG00000009994,ENSRNOG00000009994,TRNSCRPT,ADRNL,male,1w,1.85416250397319,0.00976909412396131,1.38197384791208e-6,3.61119879829846e-8,NA,1.6490456164286,4.82758690828337
Dld,pdh,ENSRNOG00000006364,ENSRNOG00000006364,TRNSCRPT,BAT,male,8w,-0.894417411532192,3.33552770801391e-6,1.46330338660371e-10,7.48807173881774e-7,NA,-0.835076797071118,-6.40915294942277
Dld,pdh,NP_955417.1,ENSRNOG00000006364,PROT,SKM-GN,female,8w,0.52767147707089,0.0201097643693589,1.08027778519054e-6,6.60142369836949e-4,6.33473488334056,NA,NA
Dld,pdh,ENSRNOG00000006364,ENSRNOG00000006364,TRNSCRPT,HEART,female,8w,0.180860045907559,0.0273607783773608,4.88473855041191e-6,8.98741942372334e-5,NA,0.133472145906535,4.56967812161285
Pdha1,pdh,ENSRNOG00000025383,ENSRNOG00000025383,TRNSCRPT,ADRNL,male,1w,1.79291593798026,0.00229042998432569,2.46569660098529e-7,3.53437419638324e-8,NA,1.62319954677924,5.16028843678726
Pdha1,pdh,NP_001004072.2,ENSRNOG00000025383,PROT,SKM-GN,female,8w,0.445709136098077,0.00259077452279173,5.70789532312447e-8,5.12072365777635e-5,7.52706255378335,NA,NA
Pdha1,pdh,ENSRNOG00000025383,ENSRNOG00000025383,TRNSCRPT,BAT,male,8w,-0.899613193544151,0.011935133451047,1.763604655423e-6,0.0014003926262181,NA,-0.793650247651,-4.77878179022053
Pdhb,pdh,NP_001007621.1,ENSRNOG00000007895,PROT,SKM-GN,female,8w,0.442619697339843,0.00449052351788372,1.31300627906133e-7,3.86249978671569e-4,7.18211509262138,NA,NA
Pdhb,pdh,ENSRNOG00000007895,ENSRNOG00000007895,TRNSCRPT,ADRNL,male,1w,1.49975722318136,0.00931123702791489,1.29972827368616e-6,4.78037164607244e-9,NA,1.35281831370554,4.83979546065562
Pdhb,pdh,ENSRNOG00000007895,ENSRNOG00000007895,TRNSCRPT,BAT,male,8w,-1.15507206807815,0.0186542666035329,3.0437118292872e-6,0.00263240677526018,NA,-0.977243854439692,-4.6678478330409
Pdhx,pdh,NP_001037707.1,ENSRNOG00000006947,PROT,SKM-GN,female,8w,0.537599101178136,0.0106761367624416,4.22596121030766e-7,0.00178163529702009,6.708009141126,NA,NA
Chdh,q_pool,ENSRNOG00000015859,ENSRNOG00000015859,TRNSCRPT,BLOOD,male,2w,-36.8157431957721,0.0030405847332036,3.42037671015234e-7,1,NA,-34.616415099238,-5.09867586170456
Etfa,q_pool,ENSRNOG00000015233,ENSRNOG00000015233,TRNSCRPT,BAT,male,8w,-0.973606883505219,9.17183282112492e-5,6.02748610824843e-9,2.91809900052393e-6,NA,-0.887916091345569,-5.81599335406994
Etfa,q_pool,NP_001009668.1,ENSRNOG00000015233,PROT,SKM-GN,female,8w,0.584438290437633,0.00124957726095052,2.10725050493347e-8,4.866001807637e-7,7.94827539637098,NA,NA
Etfa,q_pool,ENSRNOG00000015233,ENSRNOG00000015233,TRNSCRPT,ADRNL,male,1w,1.4744663497487,0.00405107920412362,4.79706143523903e-7,9.62085808173485e-8,NA,1.34360798089089,5.03425684361543
Etfb,q_pool,ENSRNOG00000017851,ENSRNOG00000017851,TRNSCRPT,BAT,male,8w,-0.860325279426992,0.00581027481562806,7.358988255162e-7,0.00444784431698701,NA,-0.770679584460304,-4.95164202447158
Etfb,q_pool,ENSRNOG00000017851,ENSRNOG00000017851,TRNSCRPT,ADRNL,male,1w,1.7097025048845,0.0187556139974456,3.06244814848516e-6,8.9346931033465e-8,NA,1.51168271029988,4.66658645954227
Etfdh,q_pool,ENSRNOG00000009538,ENSRNOG00000009538,TRNSCRPT,BAT,male,8w,-1.07006438860572,1.86945717435582e-6,7.72988201174699e-11,3.14924911787405e-8,NA,-0.987301766006692,-6.5057653225275
Etfdh,q_pool,NP_942037.2,ENSRNOG00000009538,PROT,SKM-GN,female,8w,0.405250159711748,0.0132791621146885,5.76655592824282e-7,3.4163489618498e-4,6.5837109380766,NA,NA
Gpd2,q_pool,ENSRNOG00000033824,ENSRNOG00000033824,TRNSCRPT,ADRNL,male,1w,2.79211326514932,0.0451355005057239,9.2453403741686e-6,6.40655137834773e-7,NA,2.40756811403231,4.43411002775338
Prodh2,q_pool,ENSRNOG00000057578,ENSRNOG00000057578,TRNSCRPT,BLOOD,female,2w,-59.927186649985,1.27630388757346e-18,5.76385496828677e-24,1,NA,-58.769981493988,-10.0958347960892
Sdha,q_pool,ENSRNOG00000013331,ENSRNOG00000013331,TRNSCRPT,BAT,male,8w,-0.877284726073656,7.28307200116041e-8,2.12081156737694e-12,9.08068581479292e-10,NA,-0.829678475968433,-7.02630069442628
Sdhb,q_pool,ENSRNOG00000007967,ENSRNOG00000007967,TRNSCRPT,BAT,male,8w,-0.852119860595262,1.39148707347597e-4,9.61782764876034e-9,1.73152303280399e-5,NA,-0.786361728690538,-5.7373343407128
Sdhb,q_pool,ENSRNOG00000007967,ENSRNOG00000007967,TRNSCRPT,SKM-VL,female,8w,0.377617428893372,0.00186682625576399,1.92810856343007e-7,1.73514554828193e-5,NA,0.324900623363193,5.20613840728204
Sdhb,q_pool,NP_001094009.1,ENSRNOG00000007967,PROT,SKM-GN,female,8w,0.460650373565539,0.0157724388996229,7.27159897439611e-7,8.21181056285859e-4,6.49142188274552,NA,NA
Sdhc,q_pool,ENSRNOG00000003163,ENSRNOG00000003163,TRNSCRPT,BAT,male,8w,-0.756572736629573,0.00143021834037654,1.40167400776814e-7,3.80056071583763e-5,NA,-0.69726831130374,-5.26502877599128
Sdhd,q_pool,ENSRNOG00000022980,ENSRNOG00000022980,TRNSCRPT,BAT,male,8w,-0.746835433434553,3.39023300216619e-4,2.64552977170005e-8,2.29168961887228e-4,NA,-0.69538556775804,-5.56341023422542
Sqor,q_pool,NP_001041378.2_K371k,ENSRNOG00000000172,ACETYL,LIVER,male,8w,5.34966662241693,0.00675334961291195,2.2172805304179e-7,2.49395917474145e-5,7.58178599281338,NA,NA
Sqor,q_pool,NP_001041378.2,ENSRNOG00000000172,PROT,LIVER,female,8w,0.298376267679621,0.0457605302933746,3.5076716193887e-6,7.10426020724652e-4,5.8628931821334,NA,NA
Got1,shuttles,ENSRNOG00000016356,ENSRNOG00000016356,TRNSCRPT,SKM-VL,female,4w,0.771126519684254,2.46134094963371e-5,1.36724226204622e-9,1.72985765066501e-7,NA,0.669113591525144,6.05928937905615
Got1,shuttles,ENSRNOG00000016356,ENSRNOG00000016356,TRNSCRPT,SKM-VL,female,8w,0.54838490732975,9.41830443991903e-5,6.20879417541976e-9,1.72985765066501e-7,NA,0.480571147705693,5.81103456385913
Got2,shuttles,ENSRNOG00000011782,ENSRNOG00000011782,TRNSCRPT,SKM-VL,female,8w,0.375715141499999,6.18514409229761e-4,5.30353478226206e-8,1.9325577068775e-6,NA,0.328493549616848,5.44082179006265
Got2,shuttles,ENSRNOG00000011782,ENSRNOG00000011782,TRNSCRPT,SKM-GN,male,8w,0.268017606585281,0.00373822934162046,4.36302041971219e-7,3.3892274552886e-4,NA,0.226409551398049,5.05239595310612
Gpd1,shuttles,ENSRNOG00000056457,ENSRNOG00000056457,TRNSCRPT,BAT,male,8w,-1.07769788067071,0.00253902719029974,2.76682243528446e-7,1.94225800627752e-4,NA,-0.946165741171828,-5.13867514087922
Gpd1,shuttles,ENSRNOG00000056457,ENSRNOG00000056457,TRNSCRPT,ADRNL,male,1w,3.05973228224414,0.0174887358145064,2.81045869785334e-6,3.67238134462695e-7,NA,2.70913766274697,4.68420700333753
Ldha,shuttles,ENSRNOG00000013009,ENSRNOG00000013009,TRNSCRPT,LUNG,female,2w,-0.25349041818047,9.40934163755234e-4,8.57311643516045e-8,1.57337536383261e-4,NA,-0.232121623512758,-5.35463105570181
Ldha,shuttles,ENSRNOG00000013009,ENSRNOG00000013009,TRNSCRPT,LIVER,male,8w,-0.4536754,0.001681978,1.702665e-7,1.381194e-5,NA,-0.4081082,-5.229177
Ldha,shuttles,ENSRNOG00000013009,ENSRNOG00000013009,TRNSCRPT,SKM-GN,male,8w,-0.322573726131131,0.00560245319556116,7.04648472406166e-7,6.03879307983849e-5,NA,-0.261015916764196,-4.96007809026367
Ldha,shuttles,ENSRNOG00000013009,ENSRNOG00000013009,TRNSCRPT,ADRNL,male,1w,0.826141036685212,0.0324857563858323,6.05944146975326e-6,2.33437679109939e-8,NA,0.761802274977154,4.52430456528772
Ldhb,shuttles,ENSRNOG00000013000,ENSRNOG00000013000,TRNSCRPT,ADRNL,male,1w,3.6321670800099,0.0131154958662055,1.97729082102344e-6,3.74647800787162e-7,NA,3.21490761163057,4.75573154613391
Mdh1,shuttles,ENSRNOG00000008103,ENSRNOG00000008103,TRNSCRPT,ADRNL,male,1w,1.01650276643728,0.0449669717893064,9.20158915711155e-6,8.42439138400492e-6,NA,0.926005563809225,4.43513199676953
Mdh1,shuttles,ENSRNOG00000008103,ENSRNOG00000008103,TRNSCRPT,SKM-VL,female,8w,0.38919312183007,0.0472296743882465,9.79034538308957e-6,2.6158814808454e-5,NA,0.306963569541598,4.42175274508645
Mdh2,shuttles,ENSRNOG00000001440,ENSRNOG00000001440,TRNSCRPT,BAT,male,8w,-0.987402545348825,8.888255862071e-12,1.33712541800326e-16,7.8842060631474e-13,NA,-0.942453798839206,-8.27021955906675
Mdh2,shuttles,NP_112413.2,ENSRNOG00000001440,PROT,SKM-GN,female,8w,0.497726730243475,0.00487128448370799,1.45746301177293e-7,3.64253089952136e-4,7.13932655373828,NA,NA
Sod1,sod,ENSRNOG00000002115,ENSRNOG00000002115,TRNSCRPT,WAT-SC,female,8w,0.54152605201793,9.09986736418569e-5,5.97218669987722e-9,4.84418933269702e-7,NA,0.516454231452244,5.81753470051583
Sod1,sod,ENSRNOG00000002115,ENSRNOG00000002115,TRNSCRPT,BAT,male,8w,-0.698722490788145,8.88508193258215e-4,8.04093797448403e-8,8.12828983639911e-5,NA,-0.651121438155684,-5.36620761564403
Sod2,sod,ENSRNOG00000019048,ENSRNOG00000019048,TRNSCRPT,BAT,male,8w,-0.670147595418732,0.00137423385057871,1.33771820128594e-7,2.20867962042463e-4,NA,-0.625092886746316,-5.27360203967965
Prdx3,trx,ENSRNOG00000010958,ENSRNOG00000010958,TRNSCRPT,BAT,male,8w,-0.86989789810112,6.17853545832438e-9,1.46397997307902e-13,5.85885357048343e-10,NA,-0.827540109546108,-7.39039070223411
Prdx5,trx,ENSRNOG00000021125,ENSRNOG00000021125,TRNSCRPT,SKM-VL,female,4w,0.414728469222774,0.020879046898436,3.4881497451041e-6,3.49275508736688e-6,NA,0.343889965234892,4.63975944243653
Prdx5,trx,ENSRNOG00000021125,ENSRNOG00000021125,TRNSCRPT,SKM-VL,female,8w,0.297847817520701,0.037249202399228,7.23670871135492e-6,3.49275508736688e-6,NA,0.244714256821599,4.48660492254576
Txn2,trx,ENSRNOG00000005614,ENSRNOG00000005614,TRNSCRPT,BLOOD,male,8w,1.27147677994585,3.81063373280127e-5,2.22488054879335e-9,1.58295012373624e-5,NA,1.10564164816587,5.98047486649019
Txn2,trx,ENSRNOG00000005614,ENSRNOG00000005614,TRNSCRPT,BAT,male,8w,-0.808455789749274,7.44846755457908e-5,4.77261721201072e-9,6.62132394248175e-7,NA,-0.752503286370516,-5.85491232603407
Txnrd2,trx,NP_072106.1_K155k,ENSRNOG00000001890,ACETYL,LIVER,female,8w,0.865730447898454,0.04332196625364,4.49294598845145e-6,8.39774511410945e-5,5.67435679707606,NA,NA
Txnrd2,trx,NP_072106.1_K81k,ENSRNOG00000001890,ACETYL,LIVER,female,8w,0.648808053352272,0.0461712256350817,4.98986347343272e-6,2.44900319065965e-4,5.63558675475783,NA,NA
Ucp1,ucp,ENSRNOG00000046239,ENSRNOG00000046239,TRNSCRPT,ADRNL,female,8w,-32.3099102513387,1.55254109898053e-18,7.6579135451046e-24,0.469596079356256,NA,-31.6472679547091,-10.0679217054226
Ucp1,ucp,ENSRNOG00000046239,ENSRNOG00000046239,TRNSCRPT,ADRNL,male,1w,20.4762789197802,1.46358676912388e-8,3.72113823541296e-13,0.469596079356256,NA,19.6983888492337,7.26533539114781
Ucp1,ucp,ENSRNOG00000046239,ENSRNOG00000046239,TRNSCRPT,ADRNL,male,4w,18.5007758828305,2.85641723822632e-8,7.68120246352777e-13,0.469596079356256,NA,18.2596860166048,7.16672693512691
Ucp1,ucp,ENSRNOG00000046239,ENSRNOG00000046239,TRNSCRPT,ADRNL,male,2w,16.9886688121341,9.06322856278958e-6,4.41990986823588e-10,0.469596079356256,NA,16.7885946609188,6.23842764115016
Ucp1,ucp,ENSRNOG00000046239,ENSRNOG00000046239,TRNSCRPT,ADRNL,male,8w,16.3559083783936,1.79218709282144e-5,9.53364243658842e-10,0.469596079356256,NA,15.9307049572011,6.11702832788035
Ucp1,ucp,ENSRNOG00000003580,ENSRNOG00000003580,TRNSCRPT,BAT,male,8w,-1.62983143591909,1.5768980649151e-4,1.10935897102691e-8,2.11304929636967e-5,NA,-1.48261953109857,-5.71310083807189
Ucp1,ucp,ENSRNOG00000003580,ENSRNOG00000003580,TRNSCRPT,ADRNL,female,8w,-8.69202609136256,0.0039801800025827,4.69566297004811e-7,0.00178928924062575,NA,-6.63757712253469,-5.03834833087607
Ucp1,ucp,ENSRNOG00000046239,ENSRNOG00000046239,TRNSCRPT,ADRNL,female,1w,-18.0373430644843,0.0158258230089749,2.48614344177546e-6,0.469596079356256,NA,-13.3389991816207,-4.70926280589519
Ucp2,ucp,ENSRNOG00000017854,ENSRNOG00000017854,TRNSCRPT,HEART,male,8w,-0.413305040053578,2.95384591460437e-7,9.99612957929073e-12,8.66072500674148e-12,NA,-0.386816462291409,-6.80655820947446
Ucp2,ucp,ENSRNOG00000017854,ENSRNOG00000017854,TRNSCRPT,BAT,male,8w,1.74508317702393,1.49690666468056e-6,6.07092871815791e-11,6.91894304493564e-12,NA,1.64342768511694,6.54198082814561
Ucp2,ucp,ENSRNOG00000017854,ENSRNOG00000017854,TRNSCRPT,HEART,male,2w,-0.30128071774119,0.0041291014715601,4.90519221563274e-7,8.66072500674148e-12,NA,-0.229452032094886,-5.02998460430246
Ucp2,ucp,ENSRNOG00000017854,ENSRNOG00000017854,TRNSCRPT,HEART,male,4w,-0.301316091898387,0.0059703128755478,7.58794596468872e-7,8.66072500674148e-12,NA,-0.204705332038361,-4.94567758472717
Ucp3,ucp,ENSRNOG00000017716,ENSRNOG00000017716,TRNSCRPT,ADRNL,female,8w,-1.4561819869041,0.00294027014305737,3.29114961261993e-7,2.44696499619301e-8,NA,-1.31816808868223,-5.10596249877005
Ucp3,ucp,ENSRNOG00000017716,ENSRNOG00000017716,TRNSCRPT,WAT-SC,male,1w,-1.08539215336021,0.028405332680633,5.1178708073592e-6,0.004213310298196,NA,-0.761049930175823,-4.55989703621315
